t,mark,rider,speed_kmh,accel_ms2,lat_accel_ms2,yaw_rate_rads,heading_deg,pitch_deg,roll_deg,lean_deg,slip_deg,throttle_in,steer_in,steer_deg,steer_limit_deg,surface_front,surface_rear,contact_f,contact_r,dist_along_m,off_centre_m,corner_radius_m,nitro,x,y,z,track
0.1,,riding,-0.7,0.00,0.00,0.000,0.0,0.0,0.0,0.0,0.0,0.0,0.0,0.0,32.0,road,road,1,1,11.1,2.50,straight,0,-2.50,1.57,10.98,Hillclimb
0.2,,riding,-0.6,0.07,0.00,0.000,0.0,0.0,0.0,0.0,0.0,0.0,0.0,0.0,32.0,road,road,1,1,11.0,2.50,straight,0,-2.50,1.56,10.97,Hillclimb
0.3,,riding,0.8,3.91,0.00,0.000,0.0,0.0,0.0,0.0,0.0,1.0,0.0,0.0,32.0,road,road,1,1,11.0,2.50,straight,0,-2.50,1.56,10.97,Hillclimb
0.4,,riding,4.1,9.14,0.00,0.000,0.0,0.0,0.0,0.0,0.0,1.0,0.0,0.0,32.0,road,road,1,1,11.1,2.50,straight,0,-2.50,1.56,11.06,Hillclimb
0.5,,riding,7.4,9.36,0.00,0.000,0.0,0.0,0.0,0.0,0.0,1.0,0.0,0.0,32.0,road,road,1,1,11.3,2.50,straight,0,-2.50,1.56,11.24,Hillclimb
0.6,,riding,10.8,9.31,0.00,0.000,0.0,0.0,0.0,0.0,0.0,1.0,0.0,0.0,26.3,road,road,1,1,11.5,2.50,straight,0,-2.50,1.58,11.52,Hillclimb
0.7,,riding,14.1,9.23,0.00,0.000,0.0,0.0,0.0,0.0,0.0,1.0,0.0,0.0,20.4,road,road,1,1,11.9,2.50,straight,0,-2.50,1.60,11.89,Hillclimb
0.8,,riding,17.4,9.15,0.00,0.000,0.0,0.0,0.0,0.0,0.0,1.0,0.0,0.0,16.7,road,road,1,1,12.3,2.50,straight,0,-2.50,1.62,12.35,Hillclimb
0.9,,riding,20.6,9.05,0.00,0.000,0.0,0.0,0.0,0.0,0.0,1.0,0.0,0.0,14.1,road,road,1,1,12.9,2.50,straight,0,-2.50,1.65,12.90,Hillclimb
1.0,,riding,23.9,8.94,0.00,0.000,0.0,0.0,0.0,0.0,0.0,1.0,0.0,0.0,12.2,road,road,1,1,13.5,2.50,straight,0,-2.50,1.68,13.54,Hillclimb
1.1,,riding,27.0,8.83,0.00,0.000,0.0,0.0,0.0,0.0,0.0,1.0,0.0,0.0,10.8,road,road,1,1,14.2,2.50,straight,0,-2.50,1.72,14.27,Hillclimb
1.2,,riding,30.2,8.70,0.00,0.000,0.0,0.0,0.0,0.0,0.0,1.0,0.0,0.0,9.6,road,road,1,1,15.0,2.50,straight,0,-2.50,1.77,15.08,Hillclimb
1.3,,riding,33.3,8.57,0.00,0.000,0.0,0.0,0.0,0.0,0.0,1.0,0.0,0.0,8.7,road,road,1,1,15.9,2.50,straight,0,-2.50,1.82,15.99,Hillclimb
1.4,,riding,36.3,8.43,0.00,0.000,0.0,0.0,0.0,0.0,0.0,1.0,0.0,0.0,8.0,road,road,1,1,16.9,2.50,straight,0,-2.50,1.87,16.97,Hillclimb
1.5,,riding,39.3,8.29,0.00,0.000,0.0,0.0,0.0,0.0,0.0,1.0,0.0,0.0,7.4,road,road,1,1,17.9,2.50,straight,0,-2.50,1.92,18.04,Hillclimb
1.6,,riding,42.2,8.14,0.00,0.000,0.0,0.0,0.0,0.0,0.0,1.0,0.0,0.0,6.9,road,road,1,1,19.1,2.50,straight,0,-2.50,1.99,19.19,Hillclimb
1.7,,riding,45.1,7.98,0.00,0.000,0.0,0.0,0.0,0.0,0.0,1.0,0.0,0.0,6.4,road,road,1,1,20.3,2.50,straight,0,-2.50,2.05,20.43,Hillclimb
1.8,,riding,47.9,7.82,0.00,0.000,0.0,0.0,0.0,0.0,0.0,1.0,0.0,0.0,6.1,road,road,1,1,21.6,2.50,straight,0,-2.50,2.12,21.74,Hillclimb
1.9,,riding,50.6,7.65,0.00,0.000,0.0,0.0,0.0,0.0,0.0,1.0,0.0,0.0,5.7,road,road,1,1,23.0,2.50,straight,0,-2.50,2.20,23.12,Hillclimb
2.0,,riding,53.3,7.48,0.00,0.000,0.0,0.0,0.0,0.0,0.0,1.0,0.0,0.0,5.4,road,road,1,1,24.4,2.50,straight,0,-2.50,2.27,24.59,Hillclimb
2.1,,riding,56.0,7.31,0.00,0.000,0.0,0.0,0.0,0.0,0.0,1.0,0.0,0.0,5.2,road,road,1,1,26.0,2.50,straight,0,-2.50,2.36,26.12,Hillclimb
2.2,,riding,58.5,7.13,0.00,0.000,0.0,0.0,0.0,0.0,0.0,1.0,0.0,0.0,4.9,road,road,1,1,27.5,2.50,straight,0,-2.50,2.44,27.73,Hillclimb
2.3,,riding,61.0,6.96,0.00,0.000,0.0,0.0,0.0,0.0,0.0,1.0,0.0,0.0,4.5,road,road,1,1,29.2,2.50,straight,0,-2.50,2.53,29.41,Hillclimb
2.4,,riding,63.5,6.78,0.00,0.000,0.0,0.0,0.0,0.0,0.0,1.0,0.0,0.0,4.2,road,road,1,1,31.0,2.50,straight,0,-2.50,2.62,31.15,Hillclimb
2.5,,riding,65.9,6.60,0.00,0.000,0.0,0.0,0.0,0.0,0.0,1.0,0.0,0.0,3.9,road,road,1,1,32.8,2.50,straight,0,-2.50,2.72,32.96,Hillclimb
2.6,,riding,68.2,6.41,0.00,0.000,0.0,0.0,0.0,0.0,0.0,1.0,0.0,0.0,3.6,road,road,1,1,34.6,2.50,straight,0,-2.50,2.82,34.84,Hillclimb
2.7,,riding,70.4,6.23,0.00,0.000,0.0,0.0,0.0,0.0,0.0,1.0,0.0,0.0,3.4,road,road,1,1,36.6,2.50,straight,0,-2.50,2.92,36.78,Hillclimb
2.8,,riding,72.6,6.05,0.00,0.000,0.0,0.0,0.0,0.0,0.0,1.0,0.0,0.0,3.2,road,road,1,1,38.5,2.50,straight,0,-2.50,3.03,38.78,Hillclimb
2.9,,riding,74.7,5.87,0.00,0.000,0.0,0.0,0.0,0.0,0.0,1.0,0.0,0.0,3.0,road,road,1,1,40.6,2.50,straight,0,-2.50,3.14,40.84,Hillclimb
3.0,,riding,76.8,5.69,0.00,0.000,0.0,0.0,0.0,0.0,0.0,1.0,0.0,0.0,2.8,road,road,1,1,42.7,2.50,straight,0,-2.50,3.25,42.96,Hillclimb
3.1,,riding,78.7,5.52,0.00,0.000,0.0,0.0,0.0,0.0,0.0,1.0,0.0,0.0,2.7,road,road,1,1,44.9,2.50,straight,0,-2.50,3.37,45.13,Hillclimb
3.2,,riding,80.7,5.34,0.00,0.000,0.0,0.0,0.0,0.0,0.0,1.0,0.0,0.0,2.6,road,road,1,1,47.1,2.50,straight,0,-2.50,3.49,47.35,Hillclimb
3.3,,riding,82.5,5.17,0.00,0.000,0.0,0.0,0.0,0.0,0.0,1.0,0.0,0.0,2.5,road,road,1,1,49.4,2.50,straight,0,-2.50,3.61,49.63,Hillclimb
3.4,,riding,84.3,5.00,0.00,0.000,0.0,0.0,0.0,0.0,0.0,1.0,0.0,0.0,2.4,road,road,1,1,51.7,2.50,straight,0,-2.50,3.73,51.96,Hillclimb
3.5,,riding,86.1,4.83,0.00,0.000,0.0,0.0,0.0,0.0,0.0,1.0,0.0,0.0,2.3,road,road,1,1,54.1,2.50,straight,0,-2.50,3.86,54.34,Hillclimb
3.6,,riding,87.7,4.66,0.00,0.000,0.0,0.0,0.0,0.0,0.0,1.0,0.0,0.0,2.2,road,road,1,1,56.5,2.50,straight,0,-2.50,3.99,56.76,Hillclimb
3.7,,riding,89.4,4.50,0.00,0.000,0.0,0.0,0.0,0.0,0.0,1.0,0.0,0.0,2.1,road,road,1,1,59.0,2.50,straight,0,-2.50,4.12,59.23,Hillclimb
3.8,,riding,90.9,4.34,0.00,0.000,0.0,0.0,0.0,0.0,0.0,1.0,0.0,0.0,2.0,road,road,1,1,61.5,2.50,straight,0,-2.50,4.26,61.74,Hillclimb
3.9,,riding,92.4,4.18,0.00,0.000,0.0,0.0,0.0,0.0,0.0,1.0,0.0,0.0,2.0,road,road,1,1,64.0,2.50,straight,0,-2.50,4.39,64.30,Hillclimb
4.0,,riding,93.9,4.03,0.00,0.000,0.0,0.0,0.0,0.0,0.0,1.0,0.0,0.0,1.9,road,road,1,1,66.6,2.50,straight,0,-2.50,4.53,66.89,Hillclimb
4.1,,riding,95.3,3.88,0.00,0.000,0.0,0.0,0.0,0.0,0.0,1.0,0.0,0.0,1.8,road,road,1,1,69.2,2.50,straight,0,-2.50,4.67,69.53,Hillclimb
4.2,,riding,96.6,3.73,0.00,0.000,0.0,0.0,0.0,0.0,0.0,1.0,0.0,0.0,1.8,road,road,1,1,71.9,2.50,straight,0,-2.50,4.81,72.20,Hillclimb
4.3,,riding,97.9,3.59,0.00,0.000,0.0,0.0,0.0,0.0,0.0,1.0,0.0,0.0,1.7,road,road,1,1,74.6,2.50,straight,0,-2.50,4.96,74.91,Hillclimb
4.4,,riding,99.2,3.45,0.00,0.000,0.0,0.0,0.0,0.0,0.0,1.0,0.0,0.0,1.7,road,road,1,1,77.4,2.50,straight,0,-2.50,5.10,77.66,Hillclimb
4.5,,riding,100.4,3.32,0.00,0.000,0.0,0.0,0.0,0.0,0.0,1.0,0.0,0.0,1.7,road,road,1,1,80.1,2.50,straight,0,-2.50,5.25,80.43,Hillclimb
4.6,,riding,101.5,3.19,0.00,0.000,0.0,0.0,0.0,0.0,0.0,1.0,0.0,0.0,1.6,road,road,1,1,82.9,2.50,straight,0,-2.50,5.40,83.24,Hillclimb
4.7,,riding,102.6,3.06,0.00,0.000,0.0,0.0,0.0,0.0,0.0,1.0,0.0,0.0,1.6,road,road,1,1,85.8,2.50,straight,0,-2.50,5.55,86.08,Hillclimb
4.8,,riding,103.7,2.94,0.00,0.000,0.0,0.0,0.0,0.0,0.0,1.0,0.0,0.0,1.6,road,road,1,1,88.7,2.50,straight,0,-2.50,5.71,88.95,Hillclimb
4.9,,riding,104.7,2.82,0.00,0.000,0.0,0.0,0.0,0.0,0.0,1.0,0.0,0.0,1.5,road,road,1,1,91.5,2.50,straight,0,-2.50,5.86,91.85,Hillclimb
5.0,,riding,105.7,2.71,0.00,0.000,0.0,0.0,0.0,0.0,0.0,1.0,0.0,0.0,1.5,road,road,1,1,94.5,2.50,straight,0,-2.50,6.02,94.78,Hillclimb
5.1,,riding,106.6,2.60,0.00,0.000,0.0,0.0,0.0,0.0,0.0,1.0,0.0,0.0,1.5,road,road,1,1,97.4,2.50,straight,0,-2.50,6.17,97.73,Hillclimb
5.2,,riding,107.5,2.49,0.00,0.000,0.0,0.0,0.0,0.0,0.0,1.0,0.0,0.0,1.4,road,road,1,1,100.4,2.50,straight,0,-2.50,6.33,100.71,Hillclimb
5.3,,riding,108.3,2.38,0.00,0.000,0.0,0.0,0.0,0.0,0.0,1.0,0.0,0.0,1.4,road,road,1,1,103.4,2.50,straight,0,-2.50,6.49,103.71,Hillclimb
5.4,,riding,109.2,2.28,0.00,0.000,0.0,0.0,0.0,0.0,0.0,1.0,0.0,0.0,1.4,road,road,1,1,106.4,2.50,straight,0,-2.50,6.65,106.73,Hillclimb
5.5,,riding,109.9,2.19,0.00,0.000,0.0,0.0,0.0,0.0,0.0,1.0,0.0,0.0,1.4,road,road,1,1,109.5,2.50,straight,0,-2.50,6.82,109.78,Hillclimb
5.6,,riding,110.7,2.09,0.00,0.000,0.0,0.0,0.0,0.0,0.0,1.0,0.0,0.0,1.4,road,road,1,1,112.5,2.50,straight,0,-2.50,6.98,112.85,Hillclimb
5.7,,riding,111.4,2.00,0.00,0.000,0.0,0.0,0.0,0.0,0.0,1.0,0.0,0.0,1.3,road,road,1,1,115.6,2.50,straight,0,-2.50,7.15,115.94,Hillclimb
5.8,,riding,112.1,1.92,0.00,0.000,0.0,0.0,0.0,0.0,0.0,1.0,0.0,0.0,1.3,road,road,1,1,118.7,2.50,straight,0,-2.50,7.31,119.04,Hillclimb
5.9,,riding,112.8,1.84,0.00,0.000,0.0,0.0,0.0,0.0,0.0,1.0,0.0,0.0,1.3,road,road,1,1,121.9,2.50,19397,0,-2.50,7.48,122.17,Hillclimb
6.0,,riding,113.4,1.76,0.00,0.000,0.0,0.0,0.0,0.0,0.0,1.0,0.0,0.0,1.3,road,road,1,1,125.0,2.50,5846,0,-2.50,7.65,125.31,Hillclimb
6.1,,riding,114.0,1.68,0.00,0.000,0.0,0.0,0.0,0.0,0.0,1.0,0.0,0.0,1.3,road,road,1,1,128.2,2.50,3666,0,-2.50,7.81,128.47,Hillclimb
6.2,,riding,114.6,1.60,0.00,0.000,0.0,0.0,0.0,0.0,0.0,1.0,0.0,0.0,1.3,road,road,1,1,131.4,2.50,3745,0,-2.50,7.98,131.65,Hillclimb
6.3,,riding,115.1,1.53,0.00,0.000,0.0,0.0,0.0,0.0,0.0,1.0,0.0,0.0,1.3,road,road,1,1,134.6,2.50,24417,0,-2.50,8.15,134.84,Hillclimb
6.4,,riding,115.7,1.47,-0.00,-0.000,-0.0,0.0,0.0,0.0,0.0,1.0,0.0,0.0,1.2,road,road,1,1,137.8,2.51,1943,0,-2.50,8.33,138.05,Hillclimb
6.5,,riding,116.2,1.40,-3.49,-0.108,-0.1,0.0,0.0,0.0,0.0,1.0,1.0,1.2,1.2,road,road,1,1,141.0,2.54,730,0,-2.50,8.50,141.27,Hillclimb
6.6,,riding,116.6,1.25,-12.34,-0.381,-1.9,0.0,0.0,25.7,-0.8,1.0,1.0,1.2,1.2,road,road,1,1,144.2,2.59,398,0,-2.54,8.67,144.50,Hillclimb
6.7,,riding,117.0,1.03,-14.00,-0.431,-4.3,0.0,0.0,38.9,-1.4,1.0,1.0,1.2,1.2,road,road,1,1,147.5,2.68,255,0,-2.65,8.85,147.75,Hillclimb
6.8,,riding,117.3,0.89,-6.18,-0.190,-6.3,0.0,0.0,43.1,-1.5,1.0,0.0,0.0,1.2,road,road,1,1,150.8,2.82,185,0,-2.88,9.02,150.99,Hillclimb
6.9,,riding,117.7,1.07,-1.16,-0.036,-6.8,0.0,0.0,26.4,-0.7,1.0,0.0,0.0,1.2,road,road,1,1,154.1,3.01,146,0,-3.21,9.18,154.24,Hillclimb
7.0,,riding,118.1,1.16,-3.70,-0.113,-7.0,0.0,0.0,12.5,-0.3,1.0,1.0,1.2,1.2,road,road,1,1,157.5,3.18,104,0,-3.57,9.34,157.50,Hillclimb
7.1,,riding,118.5,1.02,-12.36,-0.376,-8.7,0.0,0.0,31.6,-0.9,1.0,1.0,1.2,1.2,road,road,1,1,160.9,3.29,95,0,-3.99,9.50,160.76,Hillclimb
7.2,,riding,118.8,0.81,-14.00,-0.424,-11.1,0.0,0.0,40.3,-1.4,1.0,1.0,1.2,1.2,road,road,1,1,164.3,3.34,90,0,-4.50,9.66,164.01,Hillclimb
7.3,,riding,119.0,0.61,-14.31,-0.433,-13.6,0.0,0.0,44.9,-1.7,1.0,1.0,1.2,1.2,road,road,1,1,167.7,3.38,88,0,-5.13,9.82,167.26,Hillclimb
7.4,,riding,119.2,0.51,-14.35,-0.434,-16.2,0.0,0.0,46.9,-1.8,1.0,1.0,1.2,1.2,road,road,1,1,171.2,3.43,88,0,-5.90,9.99,170.47,Hillclimb
7.5,,riding,119.3,0.45,-14.35,-0.433,-18.7,0.0,0.0,47.6,-1.8,1.0,1.0,1.2,1.2,road,road,1,1,174.7,3.48,89,0,-6.80,10.15,173.66,Hillclimb
7.6,,riding,119.5,0.42,-14.36,-0.433,-21.2,0.0,0.0,47.8,-1.8,1.0,1.0,1.2,1.2,road,road,1,1,178.1,3.56,90,0,-7.85,10.32,176.81,Hillclimb
7.7,,riding,119.6,0.41,-14.36,-0.432,-23.8,0.0,0.0,47.9,-1.8,1.0,1.0,1.2,1.2,road,road,1,1,181.6,3.65,90,0,-9.03,10.48,179.91,Hillclimb
7.8,,riding,119.8,0.38,-14.36,-0.432,-26.3,0.0,0.0,48.0,-1.8,1.0,1.0,1.2,1.2,road,road,1,1,185.0,3.77,90,0,-10.36,10.65,182.96,Hillclimb
7.9,,riding,119.9,0.37,-14.36,-0.431,-28.8,0.0,0.0,48.0,-1.8,1.0,1.0,1.2,1.2,road,road,1,1,188.5,3.91,90,0,-11.81,10.81,185.95,Hillclimb
8.0,,riding,120.0,0.36,-14.36,-0.431,-31.3,0.0,0.0,48.0,-1.8,1.0,1.0,1.2,1.2,road,road,1,1,192.1,4.07,90,0,-13.40,10.98,188.88,Hillclimb
8.1,,riding,120.2,0.56,-2.70,-0.081,-32.4,0.0,0.0,37.1,-1.1,1.0,0.0,0.0,1.2,road,road,1,1,195.5,4.22,90,0,-15.10,11.14,191.75,Hillclimb
8.2,,riding,120.5,0.76,-0.50,-0.015,-32.6,0.0,0.0,21.5,-0.5,1.0,0.0,0.0,1.1,road,road,1,1,199.0,4.32,90,0,-16.86,11.31,194.59,Hillclimb
8.3,,riding,120.8,0.75,-9.73,-0.290,-33.4,0.0,0.0,19.5,-0.5,1.0,1.0,1.1,1.1,road,road,1,1,202.5,4.33,90,0,-18.66,11.48,197.42,Hillclimb
8.4,,riding,121.0,0.61,-13.50,-0.402,-35.5,0.0,0.0,37.8,-1.2,1.0,1.0,1.1,1.1,road,road,1,1,206.0,4.28,90,0,-20.52,11.65,200.21,Hillclimb
8.5,,riding,121.1,0.40,-14.21,-0.422,-38.0,0.0,0.0,43.9,-1.6,1.0,1.0,1.1,1.1,road,road,1,1,209.5,4.20,90,0,-22.47,11.82,202.95,Hillclimb
8.6,,riding,121.2,0.27,-14.33,-0.425,-40.5,0.0,0.0,46.3,-1.7,1.0,1.0,1.1,1.1,road,road,1,1,213.2,4.11,90,0,-24.54,11.99,205.61,Hillclimb
8.7,,riding,121.3,0.21,-14.34,-0.426,-42.9,0.0,0.0,47.3,-1.8,1.0,1.0,1.1,1.1,road,road,1,1,216.7,4.03,90,0,-26.71,12.16,208.18,Hillclimb
8.8,,riding,121.4,0.18,-14.34,-0.425,-45.4,0.0,0.0,47.7,-1.8,1.0,1.0,1.1,1.1,road,road,1,1,220.2,3.96,90,0,-28.99,12.32,210.66,Hillclimb
8.9,,riding,121.4,0.17,-14.35,-0.425,-47.9,0.0,0.0,47.9,-1.8,1.0,1.0,1.1,1.1,road,road,1,1,223.7,3.91,90,0,-31.38,12.49,213.04,Hillclimb
9.0,,riding,121.5,0.16,-14.36,-0.425,-50.4,0.0,0.0,48.0,-1.8,1.0,1.0,1.1,1.1,road,road,1,1,227.2,3.87,90,0,-33.87,12.66,215.32,Hillclimb
9.1,,riding,121.6,0.16,-14.36,-0.425,-52.9,0.0,0.0,48.0,-1.8,1.0,1.0,1.1,1.1,road,road,1,1,230.7,3.85,90,0,-36.45,12.83,217.48,Hillclimb
9.2,,riding,121.6,0.14,-14.35,-0.425,-55.4,0.0,0.0,48.0,-1.8,1.0,1.0,1.1,1.1,road,road,1,1,234.3,3.84,90,0,-39.13,13.00,219.54,Hillclimb
9.3,,riding,121.7,0.13,-14.35,-0.425,-57.8,0.0,0.0,48.0,-1.8,1.0,1.0,1.1,1.1,road,road,1,1,237.9,3.84,90,0,-41.90,13.17,221.47,Hillclimb
9.4,,riding,121.7,0.13,-14.35,-0.424,-60.3,0.0,0.0,48.0,-1.8,1.0,1.0,1.1,1.1,road,road,1,1,241.4,3.85,90,0,-44.75,13.33,223.29,Hillclimb
9.5,,riding,121.8,0.13,-14.35,-0.424,-62.8,0.0,0.0,48.0,-1.8,1.0,1.0,1.1,1.1,road,road,1,1,244.9,3.88,90,0,-47.68,13.50,224.98,Hillclimb
9.6,,riding,121.8,0.12,-14.35,-0.424,-65.3,0.0,0.0,48.0,-1.8,1.0,1.0,1.1,1.1,road,road,1,1,248.4,3.93,90,0,-50.67,13.67,226.54,Hillclimb
9.7,,riding,121.9,0.19,-6.23,-0.184,-67.2,0.0,0.0,46.8,-1.6,1.0,0.0,0.0,1.1,road,road,1,1,252.0,3.99,89,0,-53.74,13.84,227.98,Hillclimb
9.8,,riding,122.0,0.45,-1.16,-0.034,-67.7,0.0,0.0,30.0,-0.7,1.0,0.0,0.0,1.1,road,road,1,1,255.6,4.01,88,0,-56.84,14.01,229.33,Hillclimb
9.9,,riding,122.2,0.46,-11.86,-0.350,-69.2,0.0,0.0,32.3,-0.9,1.0,1.0,1.1,1.1,road,road,1,1,259.1,3.97,88,0,-59.98,14.18,230.62,Hillclimb
10.0,,riding,122.3,0.34,-13.89,-0.409,-71.5,0.0,0.0,41.6,-1.4,1.0,1.0,1.1,1.1,road,road,1,1,262.6,3.89,94,0,-63.15,14.35,231.82,Hillclimb
10.1,,riding,122.4,0.18,-14.27,-0.420,-73.9,0.0,0.0,45.4,-1.6,1.0,1.0,1.1,1.1,road,road,1,1,266.2,3.79,101,0,-66.37,14.51,232.91,Hillclimb
10.2,,riding,122.4,0.11,-14.35,-0.422,-76.4,0.0,0.0,47.1,-1.7,1.0,1.0,1.1,1.1,road,road,1,1,269.7,3.67,116,0,-69.63,14.68,233.86,Hillclimb
10.3,,riding,122.5,0.28,-2.71,-0.080,-77.4,0.0,0.0,40.2,-1.1,1.0,0.0,0.0,1.1,road,road,1,1,273.3,3.56,140,0,-72.93,14.84,234.70,Hillclimb
10.4,,riding,122.7,0.43,-0.50,-0.015,-77.6,0.0,0.0,21.3,-0.5,1.0,0.0,0.0,1.1,road,road,1,1,276.7,3.47,177,0,-76.24,15.02,235.48,Hillclimb
10.5,,riding,122.8,0.41,-0.07,-0.002,-77.6,0.0,0.0,9.5,-0.2,1.0,0.0,0.0,1.1,road,road,1,1,280.2,3.36,238,0,-79.57,15.23,236.22,Hillclimb
10.6,,riding,123.0,0.38,-0.01,-0.000,-77.6,0.0,0.0,4.0,-0.1,1.0,0.0,0.0,1.1,road,road,1,1,283.7,3.19,708,0,-82.90,15.45,236.96,Hillclimb
10.7,,riding,123.1,0.37,-0.00,-0.000,-77.6,0.0,0.0,1.6,-0.0,1.0,0.0,0.0,1.1,road,road,1,1,287.1,3.02,1771,0,-86.23,15.67,237.69,Hillclimb
10.8,,riding,123.2,0.30,-8.17,-0.239,-79.0,0.0,0.0,24.1,-0.6,1.0,0.0,0.0,1.1,road,road,1,1,290.5,2.88,38794,0,-89.57,15.89,238.40,Hillclimb
10.9,,riding,123.3,0.31,-1.55,-0.045,-79.5,0.0,0.0,22.2,-0.5,1.0,0.0,0.0,1.1,road,road,1,1,293.9,2.80,3782,0,-92.93,16.11,239.07,Hillclimb
11.0,,riding,123.4,0.32,-0.29,-0.009,-79.7,0.0,0.0,10.8,-0.2,1.0,0.0,0.0,1.1,road,road,1,1,297.3,2.75,3917,0,-96.29,16.32,239.71,Hillclimb
11.1,,riding,123.5,0.32,-0.06,-0.002,-79.7,0.0,0.0,5.5,-0.1,1.0,0.0,0.0,1.1,road,road,1,1,300.8,2.73,7714,0,-99.66,16.54,240.33,Hillclimb
11.2,,riding,123.7,0.31,-0.01,-0.000,-79.7,0.0,0.0,2.0,-0.0,1.0,0.0,0.0,1.1,road,road,1,1,304.2,2.70,29231,0,-103.04,16.75,240.95,Hillclimb
11.3,,riding,123.8,0.29,-0.00,-0.000,-79.7,0.0,0.0,1.0,-0.0,1.0,0.0,0.0,1.1,road,road,1,1,307.6,2.68,straight,0,-106.41,16.97,241.56,Hillclimb
11.4,,riding,123.9,0.28,-0.00,-0.000,-79.7,0.0,0.0,0.4,-0.0,1.0,0.0,0.0,1.1,road,road,1,1,311.1,2.66,straight,0,-109.79,17.18,242.18,Hillclimb
11.5,,riding,124.0,0.27,0.00,0.000,-79.7,0.0,0.0,0.2,-0.0,1.0,0.0,0.0,1.1,road,road,1,1,314.5,2.64,straight,0,-113.18,17.40,242.79,Hillclimb
11.6,,riding,124.0,0.25,0.00,0.000,-79.7,0.0,0.0,0.1,-0.0,1.0,0.0,0.0,1.1,road,road,1,1,318.0,2.63,straight,0,-116.56,17.61,243.41,Hillclimb
11.7,,riding,124.1,0.24,0.00,0.000,-79.7,0.0,0.0,0.0,-0.0,1.0,0.0,0.0,1.1,road,road,1,1,321.4,2.61,straight,0,-119.95,17.83,244.03,Hillclimb
11.8,,riding,124.2,0.23,0.00,0.000,-79.7,0.0,0.0,0.0,-0.0,1.0,0.0,0.0,1.1,road,road,1,1,324.9,2.59,straight,0,-123.34,18.04,244.64,Hillclimb
11.9,,riding,124.3,0.22,0.00,0.000,-79.7,0.0,0.0,0.0,-0.0,1.0,0.0,0.0,1.1,road,road,1,1,328.3,2.57,straight,0,-126.73,18.26,245.26,Hillclimb
12.0,,riding,124.4,0.21,0.00,0.000,-79.7,0.0,0.0,0.0,-0.0,1.0,0.0,0.0,1.1,road,road,1,1,331.8,2.55,straight,0,-130.13,18.47,245.88,Hillclimb
12.1,,riding,124.4,0.20,0.00,0.000,-79.7,0.0,0.0,0.0,-0.0,1.0,0.0,0.0,1.1,road,road,1,1,335.2,2.53,straight,0,-133.52,18.69,246.50,Hillclimb
12.2,,riding,124.5,0.19,0.00,0.000,-79.7,0.0,0.0,-0.0,-0.0,1.0,0.0,0.0,1.1,road,road,1,1,338.7,2.51,straight,0,-136.92,18.90,247.12,Hillclimb
12.3,,riding,124.6,0.18,0.00,0.000,-79.7,0.0,0.0,-0.0,-0.0,1.0,0.0,0.0,1.1,road,road,1,1,342.2,2.49,straight,0,-140.32,19.12,247.73,Hillclimb
12.4,,riding,124.6,0.17,0.00,0.000,-79.7,0.0,0.0,-0.0,-0.0,1.0,0.0,0.0,1.1,road,road,1,1,345.6,2.47,straight,0,-143.72,19.34,248.35,Hillclimb
12.5,,riding,124.7,0.16,0.00,0.000,-79.7,0.0,0.0,-0.0,-0.0,1.0,0.0,0.0,1.1,road,road,1,1,349.1,2.45,straight,0,-147.12,19.55,248.97,Hillclimb
12.6,,riding,124.7,0.16,0.00,0.000,-79.7,0.0,0.0,-0.0,-0.0,1.0,0.0,0.0,1.1,road,road,1,1,352.5,2.43,straight,0,-150.53,19.77,249.59,Hillclimb
12.7,,riding,124.8,0.15,0.00,0.000,-79.7,0.0,0.0,-0.0,-0.0,1.0,0.0,0.0,1.1,road,road,1,1,356.0,2.42,straight,0,-153.93,19.99,250.21,Hillclimb
12.8,,riding,124.9,0.14,0.00,0.000,-79.7,0.0,0.0,-0.0,-0.0,1.0,0.0,0.0,1.1,road,road,1,1,359.5,2.40,straight,0,-157.34,20.20,250.83,Hillclimb
12.9,,riding,124.9,0.13,0.00,0.000,-79.7,0.0,0.0,-0.0,-0.0,1.0,0.0,0.0,1.1,road,road,1,1,363.0,2.38,straight,0,-160.75,20.42,251.45,Hillclimb
13.0,,riding,124.9,0.13,0.00,0.000,-79.7,0.0,0.0,-0.0,-0.0,1.0,0.0,0.0,1.1,road,road,1,1,366.4,2.36,straight,0,-164.16,20.64,252.07,Hillclimb
13.1,,riding,125.0,0.12,0.00,0.000,-79.7,0.0,0.0,-0.0,-0.0,1.0,0.0,0.0,1.1,road,road,1,1,369.9,2.34,straight,0,-167.57,20.85,252.70,Hillclimb
13.2,,riding,125.0,0.12,0.00,0.000,-79.7,0.0,0.0,-0.0,-0.0,1.0,0.0,0.0,1.1,road,road,1,1,373.4,2.32,straight,0,-170.99,21.07,253.32,Hillclimb
13.3,,riding,125.1,0.11,0.00,0.000,-79.7,0.0,0.0,-0.0,-0.0,1.0,0.0,0.0,1.1,road,road,1,1,376.9,2.30,straight,0,-174.40,21.29,253.94,Hillclimb
13.4,,riding,125.1,0.11,0.00,0.000,-79.7,0.0,0.0,-0.0,-0.0,1.0,0.0,0.0,1.1,road,road,1,1,380.3,2.28,straight,0,-177.81,21.50,254.56,Hillclimb
13.5,,riding,125.1,0.10,0.00,0.000,-79.7,0.0,0.0,-0.0,-0.0,1.0,0.0,0.0,1.1,road,road,1,1,383.8,2.26,straight,0,-181.23,21.72,255.18,Hillclimb
13.6,,riding,125.2,0.10,0.00,0.000,-79.7,0.0,0.0,-0.0,-0.0,1.0,0.0,0.0,1.1,road,road,1,1,387.3,2.24,straight,0,-184.65,21.94,255.80,Hillclimb
13.7,,riding,125.2,0.09,0.00,0.000,-79.7,0.0,0.0,-0.0,-0.0,1.0,0.0,0.0,1.1,road,road,1,1,390.8,2.22,straight,0,-188.06,22.15,256.43,Hillclimb
13.8,,riding,125.2,0.09,0.00,0.000,-79.7,0.0,0.0,-0.0,-0.0,1.0,0.0,0.0,1.1,road,road,1,1,394.3,2.20,straight,0,-191.48,22.37,257.05,Hillclimb
13.9,,riding,125.3,0.08,0.00,0.000,-79.7,0.0,0.0,-0.0,-0.0,1.0,0.0,0.0,1.1,road,road,1,1,397.7,2.18,straight,0,-194.90,22.59,257.67,Hillclimb
14.0,,riding,125.3,0.08,0.00,0.000,-79.7,0.0,0.0,-0.0,-0.0,1.0,0.0,0.0,1.1,road,road,1,1,401.2,2.17,straight,0,-198.32,22.81,258.29,Hillclimb
14.1,,riding,125.3,0.07,0.00,0.000,-79.7,0.0,0.0,-0.0,-0.0,1.0,0.0,0.0,1.1,road,road,1,1,404.7,2.15,straight,0,-201.74,23.02,258.92,Hillclimb
14.2,,riding,125.4,0.07,0.00,0.000,-79.7,0.0,0.0,-0.0,-0.0,1.0,0.0,0.0,1.1,road,road,1,1,408.2,2.13,80076,0,-205.16,23.24,259.54,Hillclimb
14.3,,riding,125.4,0.07,0.00,0.000,-79.7,0.0,0.0,-0.0,-0.0,1.0,0.0,0.0,1.1,road,road,1,1,411.7,2.11,9153,0,-208.59,23.46,260.16,Hillclimb
14.4,,riding,125.4,0.06,0.00,0.000,-79.7,0.0,0.0,-0.0,-0.0,1.0,0.0,0.0,1.1,road,road,1,1,415.2,2.09,3840,0,-212.01,23.67,260.78,Hillclimb
14.5,,riding,125.4,0.05,6.10,0.175,-79.4,0.0,0.0,-2.7,0.1,0.0,-1.0,-1.1,1.1,road,road,1,1,418.6,2.07,4443,0,-215.43,23.89,261.41,Hillclimb
14.6,,riding,123.8,-4.61,12.62,0.367,-77.6,0.0,0.0,-27.4,0.9,0.0,-1.0,-1.1,1.1,road,road,1,1,422.1,2.01,3451,0,-218.81,24.11,262.07,Hillclimb
14.7,,riding,122.0,-4.78,13.83,0.408,-75.3,0.0,0.0,-40.7,1.4,0.0,-1.0,-1.1,1.1,road,road,1,1,425.5,1.86,843,0,-222.13,24.32,262.80,Hillclimb
14.8,,riding,120.3,-4.92,14.04,0.420,-72.9,0.0,0.0,-45.1,1.6,0.0,-1.0,-1.1,1.1,road,road,1,1,428.9,1.58,387,0,-225.37,24.54,263.65,Hillclimb
14.9,,riding,118.5,-4.95,14.07,0.427,-70.4,0.0,0.0,-46.6,1.7,0.0,-1.0,-1.2,1.2,road,road,1,1,432.1,1.19,222,0,-228.53,24.76,264.60,Hillclimb
15.0,,riding,116.7,-4.91,14.06,0.434,-67.9,0.0,0.0,-47.4,1.8,0.0,-1.0,-1.2,1.2,road,road,1,1,435.4,0.73,149,0,-231.59,24.95,265.68,Hillclimb
15.1,,riding,115.0,-4.82,14.06,0.440,-65.3,0.0,0.0,-47.8,1.8,0.0,-1.0,-1.3,1.3,road,road,1,1,438.5,0.23,113,0,-234.57,25.11,266.87,Hillclimb
15.2,,riding,113.3,-4.71,14.06,0.447,-62.7,0.0,0.0,-47.9,1.8,0.0,-1.0,-1.3,1.3,road,road,1,1,441.6,-0.35,90,0,-237.45,25.23,268.17,Hillclimb
15.3,,riding,111.7,-4.55,6.06,0.196,-60.6,0.0,0.0,-46.7,1.6,0.0,0.0,0.0,1.3,road,road,1,1,444.7,-0.94,76,0,-240.22,25.33,269.58,Hillclimb
15.4,,riding,112.0,0.88,1.15,0.037,-60.2,0.0,0.0,-26.9,0.8,1.0,0.0,0.0,1.3,road,road,1,1,447.9,-1.47,69,0,-242.95,25.43,271.07,Hillclimb
15.5,,riding,112.7,1.90,8.33,0.266,-59.5,0.0,0.0,-20.9,0.5,0.0,-1.0,-1.3,1.3,road,road,1,1,451.0,-1.89,65,0,-245.67,25.54,272.61,Hillclimb
15.6,,riding,111.1,-4.30,13.02,0.422,-57.3,0.0,0.0,-37.8,1.2,0.0,-1.0,-1.3,1.3,road,road,1,1,454.2,-2.22,63,0,-248.33,25.66,274.20,Hillclimb
15.7,,riding,109.5,-4.46,13.88,0.456,-54.7,0.0,0.0,-43.8,1.6,0.0,-1.0,-1.4,1.4,road,road,1,1,457.4,-2.48,63,0,-250.89,25.78,275.85,Hillclimb
15.8,,riding,107.8,-4.57,14.03,0.468,-52.0,0.0,0.0,-46.3,1.8,0.0,-1.0,-1.4,1.4,road,road,1,1,460.5,-2.72,64,0,-253.35,25.89,277.58,Hillclimb
15.9,,riding,106.2,-4.62,14.05,0.476,-49.3,0.0,0.0,-47.3,1.9,0.0,-1.0,-1.5,1.5,road,road,1,1,463.6,-2.94,64,0,-255.69,26.01,279.39,Hillclimb
16.0,,riding,104.5,-4.63,14.05,0.484,-46.4,0.0,0.0,-47.7,1.9,0.0,-1.0,-1.5,1.5,road,road,1,1,466.7,-3.16,64,0,-257.91,26.13,281.28,Hillclimb
16.1,,riding,102.9,-4.62,14.05,0.492,-43.6,0.0,0.0,-47.9,1.9,0.0,-1.0,-1.6,1.6,road,road,1,1,469.7,-3.38,64,0,-260.00,26.24,283.25,Hillclimb
16.2,,riding,101.2,-4.61,14.04,0.500,-40.7,0.0,0.0,-47.9,1.9,0.0,-1.0,-1.6,1.6,road,road,1,1,472.7,-3.60,64,0,-261.95,26.35,285.28,Hillclimb
16.3,,riding,99.5,-4.61,14.04,0.508,-37.8,0.0,0.0,-48.0,2.0,0.0,-1.0,-1.7,1.7,road,road,1,1,475.6,-3.83,64,0,-263.77,26.46,287.38,Hillclimb
16.4,,riding,98.3,-3.39,-23.21,-0.850,-44.4,0.0,0.0,2.6,-2.8,0.0,-1.0,-1.7,1.7,road,road,1,1,478.6,-3.96,64,0,-265.57,26.57,289.44,Hillclimb
16.5,,riding,97.4,-2.66,-9.83,-0.363,-47.8,0.0,0.0,29.6,-2.9,0.0,-1.0,-1.7,1.7,road,road,1,1,481.5,-3.87,64,0,-267.43,26.68,291.41,Hillclimb
16.6,,riding,96.3,-3.08,0.17,0.006,-48.6,0.0,0.0,27.3,-1.6,0.0,-1.0,-1.8,1.8,road,road,1,1,484.3,-3.52,64,0,-269.37,26.79,293.26,Hillclimb
16.7,,riding,95.2,-3.05,3.65,0.138,-48.0,0.0,0.0,2.4,-0.4,0.0,-1.0,-1.8,1.8,road,road,1,1,487.1,-2.99,64,0,-271.32,26.89,295.05,Hillclimb
16.8,,riding,94.0,-3.33,9.62,0.369,-46.7,0.0,0.0,-15.5,0.3,0.0,-1.0,-1.9,1.9,road,road,1,1,489.7,-2.35,64,0,-273.25,26.99,296.83,Hillclimb
16.9,,riding,92.5,-4.06,13.22,0.515,-44.0,0.0,0.0,-36.3,1.3,0.0,-1.0,-1.9,1.9,road,road,1,1,492.3,-1.68,64,0,-275.11,27.09,298.62,Hillclimb
17.0,,riding,91.0,-4.27,13.88,0.549,-40.8,0.0,0.0,-42.5,1.8,0.0,-1.0,-2.0,2.0,road,road,1,1,494.8,-1.01,64,0,-276.86,27.18,300.45,Hillclimb
17.1,,riding,89.4,-4.42,14.00,0.564,-37.6,0.0,0.0,-45.8,2.0,0.0,-1.0,-2.1,2.1,road,road,1,1,497.2,-0.37,64,0,-278.49,27.28,302.34,Hillclimb
17.2,,riding,87.8,-4.48,14.01,0.575,-34.2,0.0,0.0,-47.2,2.1,0.0,-1.0,-2.1,2.1,road,road,1,1,499.6,0.22,64,0,-279.99,27.37,304.27,Hillclimb
17.3,,riding,86.1,-4.49,14.00,0.585,-30.8,0.0,0.0,-47.7,2.1,0.0,-1.0,-2.2,2.2,road,road,1,1,502.0,0.75,64,0,-281.35,27.45,306.26,Hillclimb
17.4,,riding,84.5,-4.49,13.99,0.596,-27.4,0.0,0.0,-47.9,2.2,0.0,-1.0,-2.3,2.3,road,road,1,1,504.2,1.20,64,0,-282.56,27.54,308.28,Hillclimb
17.5,,riding,82.9,-4.47,13.99,0.607,-23.9,0.0,0.0,-47.9,2.2,0.0,-1.0,-2.4,2.4,road,road,1,1,506.5,1.59,64,0,-283.63,27.62,310.33,Hillclimb
17.6,,riding,82.7,-0.51,16.45,0.716,-17.8,0.0,0.0,-48.0,2.4,0.0,-1.0,-2.4,2.4,road,road,1,1,508.7,1.88,64,0,-284.50,27.71,312.46,Hillclimb
17.7,,riding,81.1,-4.57,14.46,0.642,-14.0,0.0,0.0,-48.0,2.4,1.0,-1.0,-2.5,2.5,road,road,1,1,510.9,2.06,64,0,-285.20,27.79,314.61,Hillclimb
17.8,,riding,82.7,4.40,14.56,0.634,-10.2,0.0,0.0,-48.0,2.3,1.0,-1.0,-2.4,2.4,road,road,1,1,513.1,2.15,64,0,-285.76,27.87,316.83,Hillclimb
17.9,,riding,84.2,4.32,14.57,0.623,-6.6,0.0,0.0,-48.0,2.2,1.0,-1.0,-2.4,2.4,road,road,1,1,515.4,2.17,64,0,-286.18,27.96,319.12,Hillclimb
18.0,,riding,85.7,4.18,14.56,0.611,-3.0,0.0,0.0,-48.0,2.2,1.0,-1.0,-2.3,2.3,road,road,1,1,517.7,2.14,64,0,-286.45,28.04,321.48,Hillclimb
18.1,,riding,87.2,4.07,14.55,0.601,0.6,0.0,0.0,-48.0,2.2,1.0,-1.0,-2.2,2.2,road,road,1,1,520.0,2.03,64,0,-286.58,28.13,323.88,Hillclimb
18.2,,riding,88.6,3.94,14.55,0.591,4.0,0.0,0.0,-48.0,2.2,1.0,-1.0,-2.1,2.1,road,road,1,1,522.3,1.86,63,0,-286.57,28.22,326.34,Hillclimb
18.3,,riding,90.0,3.82,14.55,0.582,7.5,0.0,0.0,-48.0,2.2,1.0,-1.0,-2.1,2.1,road,road,1,1,524.7,1.62,63,0,-286.40,28.31,328.82,Hillclimb
18.4,,riding,91.3,3.69,11.03,0.435,10.7,0.0,0.0,-48.0,2.2,1.0,0.0,0.0,2.0,road,road,1,1,527.2,1.34,64,0,-286.08,28.40,331.33,Hillclimb
18.5,,riding,92.8,3.99,2.10,0.082,11.8,0.0,0.0,-36.0,1.2,1.0,0.0,0.0,1.9,road,road,1,1,529.7,1.03,67,0,-285.64,28.50,333.86,Hillclimb
18.6,,riding,94.2,4.05,0.38,0.015,12.0,0.0,0.0,-18.3,0.5,1.0,0.0,0.0,1.9,road,road,1,1,532.3,0.76,72,0,-285.14,28.60,336.41,Hillclimb
18.7,,riding,95.6,3.98,0.06,0.002,12.0,0.0,0.0,-7.1,0.2,1.0,0.0,0.0,1.8,road,road,1,1,534.9,0.56,72,0,-284.60,28.69,339.01,Hillclimb
18.8,,riding,97.0,3.82,6.17,0.229,12.3,0.0,0.0,-6.1,0.1,1.0,-1.0,-1.8,1.8,road,road,1,1,537.5,0.46,83,0,-284.04,28.79,341.63,Hillclimb
18.9,,riding,98.3,3.55,12.93,0.474,14.7,0.0,0.0,-31.5,1.0,1.0,-1.0,-1.7,1.7,road,road,1,1,540.2,0.41,101,0,-283.43,28.89,344.28,Hillclimb
19.0,,riding,99.5,3.34,4.52,0.163,16.7,0.0,0.0,-36.7,1.3,1.0,0.0,0.0,1.7,road,road,1,1,543.0,0.32,130,0,-282.73,29.00,346.95,Hillclimb
19.1,,riding,100.7,3.33,0.86,0.031,17.1,0.0,0.0,-22.4,0.6,1.0,0.0,0.0,1.6,road,road,1,1,545.8,0.21,180,0,-281.96,29.10,349.63,Hillclimb
19.2,,riding,101.9,3.28,0.16,0.006,17.1,0.0,0.0,-10.6,0.2,1.0,0.0,0.0,1.6,road,road,1,1,548.6,0.14,296,0,-281.15,29.21,352.33,Hillclimb
19.3,,riding,103.0,3.17,0.03,0.001,17.2,0.0,0.0,-4.6,0.1,1.0,0.0,0.0,1.6,road,road,1,1,551.4,0.07,588,0,-280.31,29.31,355.06,Hillclimb
19.4,,riding,104.1,3.05,0.01,0.000,17.2,0.0,0.0,-1.9,0.0,1.0,0.0,0.0,1.5,road,road,1,1,554.3,-0.01,1585,0,-279.46,29.42,357.82,Hillclimb
19.5,,riding,105.2,2.92,0.00,0.000,17.2,0.0,0.0,-0.8,0.0,1.0,0.0,0.0,1.5,road,road,1,1,557.2,-0.11,33471,0,-278.60,29.53,360.60,Hillclimb
19.6,,riding,106.2,2.80,0.00,0.000,17.2,0.0,0.0,-0.3,0.0,1.0,0.0,0.0,1.5,road,road,1,1,560.2,-0.22,2912,0,-277.73,29.64,363.41,Hillclimb
19.7,,riding,107.1,2.69,-0.00,-0.000,17.2,0.0,0.0,-0.1,-0.0,1.0,0.0,0.0,1.5,road,road,1,1,563.1,-0.33,3373,0,-276.86,29.75,366.25,Hillclimb
19.8,,riding,108.1,2.58,-0.00,-0.000,17.2,0.0,0.0,-0.0,-0.0,1.0,0.0,0.0,1.4,road,road,1,1,566.1,-0.45,7084,0,-275.97,29.86,369.11,Hillclimb
19.9,,riding,109.0,2.44,-8.16,-0.270,16.6,0.0,0.0,8.3,-0.2,1.0,1.0,1.4,1.4,road,road,1,1,569.1,-0.56,30357,0,-275.09,29.98,372.00,Hillclimb
20.0,,riding,109.8,2.23,-13.26,-0.435,14.3,0.0,0.0,28.7,-1.1,1.0,1.0,1.4,1.4,road,road,1,1,572.2,-0.63,straight,0,-274.25,30.09,374.93,Hillclimb
20.1,,riding,110.5,2.12,-2.52,-0.082,13.3,0.0,0.0,30.3,-0.9,1.0,0.0,0.0,1.4,road,road,1,1,575.2,-0.62,straight,0,-273.47,30.21,377.89,Hillclimb
20.2,,riding,111.3,2.12,-0.48,-0.016,13.1,0.0,0.0,16.6,-0.4,1.0,0.0,0.0,1.3,road,road,1,1,578.3,-0.56,straight,0,-272.74,30.32,380.89,Hillclimb
20.3,,riding,112.0,2.08,-0.09,-0.003,13.0,0.0,0.0,7.6,-0.1,1.0,0.0,0.0,1.3,road,road,1,1,581.4,-0.47,straight,0,-272.03,30.44,383.91,Hillclimb
20.4,,riding,112.8,2.00,-0.02,-0.001,13.0,0.0,0.0,2.8,-0.0,1.0,0.0,0.0,1.3,road,road,1,1,584.5,-0.36,straight,0,-271.32,30.56,386.96,Hillclimb
20.5,,riding,113.4,1.91,-0.00,-0.000,13.0,0.0,0.0,1.4,-0.0,1.0,0.0,0.0,1.3,road,road,1,1,587.7,-0.25,straight,0,-270.61,30.67,390.02,Hillclimb
20.6,,riding,114.1,1.83,-0.00,-0.000,13.0,0.0,0.0,0.5,-0.0,1.0,0.0,0.0,1.3,road,road,1,1,590.8,-0.14,straight,0,-269.90,30.79,393.11,Hillclimb
20.7,,riding,114.7,1.75,-0.00,-0.000,13.0,0.0,0.0,0.2,0.0,1.0,0.0,0.0,1.3,road,road,1,1,594.0,-0.03,straight,0,-269.18,30.91,396.21,Hillclimb
20.8,,riding,115.3,1.67,-0.00,-0.000,13.0,0.0,0.0,0.1,0.0,1.0,0.0,0.0,1.3,road,road,1,1,597.2,0.08,straight,0,-268.46,31.03,399.32,Hillclimb
20.9,,riding,115.9,1.60,-0.00,-0.000,13.0,0.0,0.0,0.0,0.0,1.0,0.0,0.0,1.2,road,road,1,1,600.4,0.19,straight,0,-267.74,31.15,402.46,Hillclimb
21.0,,riding,116.5,1.52,-0.00,-0.000,13.0,0.0,0.0,0.0,0.0,1.0,0.0,0.0,1.2,road,road,1,1,603.7,0.30,straight,0,-267.01,31.27,405.61,Hillclimb
21.1,,riding,117.0,1.39,11.69,0.360,14.5,0.0,0.0,-20.5,0.7,1.0,-1.0,-1.2,1.2,road,road,1,1,606.9,0.40,straight,0,-266.26,31.39,408.76,Hillclimb
21.2,,riding,117.4,1.29,3.09,0.095,15.7,0.0,0.0,-29.7,0.8,1.0,0.0,0.0,1.2,road,road,1,1,610.2,0.44,straight,0,-265.44,31.52,411.92,Hillclimb
21.3,,riding,117.9,1.28,0.59,0.018,16.0,0.0,0.0,-15.8,0.4,1.0,0.0,0.0,1.2,road,road,1,1,613.4,0.43,straight,0,-264.58,31.64,415.07,Hillclimb
21.4,,riding,118.3,1.27,0.11,0.003,16.0,0.0,0.0,-8.3,0.1,1.0,0.0,0.0,1.2,road,road,1,1,616.7,0.38,straight,0,-263.68,31.76,418.23,Hillclimb
21.5,,riding,118.8,1.22,0.02,0.001,16.0,0.0,0.0,-3.1,0.0,1.0,0.0,0.0,1.2,road,road,1,1,620.0,0.33,straight,0,-262.78,31.89,421.40,Hillclimb
21.6,,riding,119.2,1.16,0.00,0.000,16.0,0.0,0.0,-1.3,0.0,1.0,0.0,0.0,1.2,road,road,1,1,623.3,0.27,straight,0,-261.87,32.01,424.58,Hillclimb
21.7,,riding,119.6,1.11,0.00,0.000,16.0,0.0,0.0,-0.6,0.0,1.0,0.0,0.0,1.2,road,road,1,1,626.6,0.22,straight,0,-260.95,32.13,427.77,Hillclimb
21.8,,riding,120.0,1.06,0.00,0.000,16.0,0.0,0.0,-0.3,0.0,1.0,0.0,0.0,1.2,road,road,1,1,630.0,0.16,straight,0,-260.03,32.26,430.97,Hillclimb
21.9,,riding,120.3,1.01,-0.00,-0.000,16.0,0.0,0.0,-0.1,-0.0,1.0,0.0,0.0,1.1,road,road,1,1,633.3,0.10,straight,0,-259.11,32.38,434.18,Hillclimb
22.0,,riding,120.7,0.96,-0.00,-0.000,16.0,0.0,0.0,-0.0,-0.0,1.0,0.0,0.0,1.1,road,road,1,1,636.7,0.04,straight,0,-258.19,32.51,437.40,Hillclimb
22.1,,riding,121.0,0.92,-0.00,-0.000,16.0,0.0,0.0,-0.0,-0.0,1.0,0.0,0.0,1.1,road,road,1,1,640.0,-0.02,straight,0,-257.26,32.64,440.63,Hillclimb
22.2,,riding,121.3,0.88,-0.00,-0.000,16.0,0.0,0.0,-0.0,-0.0,1.0,0.0,0.0,1.1,road,road,1,1,643.4,-0.08,straight,0,-256.33,32.76,443.87,Hillclimb
22.3,,riding,121.6,0.84,-0.00,-0.000,16.0,0.0,0.0,-0.0,-0.0,1.0,0.0,0.0,1.1,road,road,1,1,646.8,-0.14,straight,0,-255.40,32.89,447.11,Hillclimb
22.4,,riding,121.9,0.80,-0.00,-0.000,16.0,0.0,0.0,-0.0,-0.0,1.0,0.0,0.0,1.1,road,road,1,1,650.2,-0.20,straight,0,-254.46,33.02,450.37,Hillclimb
22.5,,riding,122.2,0.76,-0.00,-0.000,16.0,0.0,0.0,-0.0,-0.0,1.0,0.0,0.0,1.1,road,road,1,1,653.5,-0.27,straight,0,-253.53,33.14,453.63,Hillclimb
22.6,,riding,122.5,0.72,-0.00,-0.000,16.0,0.0,0.0,0.0,-0.0,1.0,0.0,0.0,1.1,road,road,1,1,656.9,-0.33,straight,0,-252.59,33.27,456.89,Hillclimb
22.7,,riding,122.7,0.69,-0.00,-0.000,16.0,0.0,0.0,0.0,-0.0,1.0,0.0,0.0,1.1,road,road,1,1,660.4,-0.39,straight,0,-251.65,33.40,460.17,Hillclimb
22.8,,riding,122.9,0.66,-0.00,-0.000,16.0,0.0,0.0,0.0,-0.0,1.0,0.0,0.0,1.1,road,road,1,1,663.8,-0.45,straight,0,-250.70,33.53,463.45,Hillclimb
22.9,,riding,123.2,0.63,-0.00,-0.000,16.0,0.0,0.0,0.0,-0.0,1.0,0.0,0.0,1.1,road,road,1,1,667.2,-0.51,straight,0,-249.76,33.65,466.74,Hillclimb
23.0,,riding,123.4,0.60,-0.00,-0.000,16.0,0.0,0.0,0.0,-0.0,1.0,0.0,0.0,1.1,road,road,1,1,670.6,-0.57,straight,0,-248.81,33.78,470.03,Hillclimb
23.1,,riding,123.6,0.57,-0.00,-0.000,16.0,0.0,0.0,0.0,-0.0,1.0,0.0,0.0,1.1,road,road,1,1,674.0,-0.63,straight,0,-247.87,33.91,473.33,Hillclimb
23.2,,riding,123.8,0.54,-0.00,-0.000,16.0,0.0,0.0,0.0,-0.0,1.0,0.0,0.0,1.1,road,road,1,1,677.5,-0.69,straight,0,-246.92,34.04,476.63,Hillclimb
23.3,,riding,124.0,0.52,-0.00,-0.000,16.0,0.0,0.0,0.0,-0.0,1.0,0.0,0.0,1.1,road,road,1,1,680.9,-0.76,straight,0,-245.97,34.17,479.94,Hillclimb
23.4,,riding,124.1,0.49,-0.00,-0.000,16.0,0.0,0.0,0.0,-0.0,1.0,0.0,0.0,1.1,road,road,1,1,684.4,-0.82,straight,0,-245.02,34.30,483.25,Hillclimb
23.5,,riding,124.3,0.47,0.00,0.000,16.0,0.0,0.0,0.0,-0.0,1.0,0.0,0.0,1.1,road,road,1,1,687.8,-0.88,straight,0,-244.06,34.43,486.57,Hillclimb
23.6,,riding,124.5,0.42,0.00,0.000,16.0,0.0,0.0,-0.0,-0.0,1.0,0.0,0.0,1.1,road,road,1,1,691.3,-0.94,straight,0,-243.11,34.57,489.89,Hillclimb
23.7,,riding,124.6,0.37,0.00,0.000,16.0,0.0,0.0,-0.0,-0.0,1.0,0.0,0.0,1.1,road,road,1,1,694.8,-1.00,straight,0,-242.15,34.71,493.22,Hillclimb
23.8,,riding,124.7,0.37,-0.00,-0.000,16.0,0.0,0.0,-0.0,-0.0,1.0,0.0,0.0,1.1,road,road,1,1,698.2,-1.07,straight,0,-241.20,34.86,496.54,Hillclimb
23.9,,riding,124.9,0.44,-0.00,-0.000,16.0,0.0,0.0,0.0,-0.0,1.0,0.0,0.0,1.1,road,road,1,1,701.7,-1.13,straight,0,-240.24,34.97,499.88,Hillclimb
24.0,,riding,125.1,0.53,-0.00,-0.000,16.0,0.0,0.0,0.0,-0.0,1.0,0.0,0.0,1.1,road,road,1,1,705.1,-1.19,straight,0,-239.28,35.04,503.22,Hillclimb
24.1,,riding,125.3,0.66,-0.00,-0.000,16.0,0.0,0.0,0.0,-0.0,1.0,0.0,0.0,1.1,road,road,1,1,708.6,-1.25,straight,0,-238.32,35.05,506.56,Hillclimb
24.2,,riding,125.6,0.73,0.00,0.000,16.0,0.0,0.0,0.0,0.0,1.0,0.0,0.0,1.1,road,road,1,1,712.1,-1.31,straight,0,-237.36,35.02,509.92,Hillclimb
24.3,,riding,125.8,0.67,3.49,0.100,16.1,0.0,0.0,0.0,0.0,1.0,-1.0,-1.1,1.1,road,road,1,1,715.6,-1.38,straight,0,-236.39,34.99,513.28,Hillclimb
24.4,,riding,126.0,0.54,12.34,0.353,17.8,0.0,0.0,-23.0,0.8,1.0,-1.0,-1.0,1.0,road,road,1,1,719.1,-1.46,straight,0,-235.39,34.97,516.63,Hillclimb
24.5,,riding,126.2,0.46,3.21,0.091,18.9,0.0,0.0,-31.5,0.9,1.0,0.0,0.0,1.0,road,road,1,1,722.6,-1.61,straight,0,-234.33,34.97,519.97,Hillclimb
24.6,,riding,126.4,0.50,0.61,0.017,19.2,0.0,0.0,-18.2,0.4,1.0,0.0,0.0,1.0,road,road,1,1,726.1,-1.82,straight,0,-233.21,34.96,523.30,Hillclimb
24.7,,riding,126.6,0.52,-6.02,-0.171,19.0,0.0,0.0,-8.6,0.1,1.0,1.0,1.0,1.0,road,road,1,1,729.6,-2.06,straight,0,-232.07,34.96,526.63,Hillclimb
24.8,,riding,126.7,0.44,-9.33,-0.265,17.2,0.0,0.0,26.0,-0.8,1.0,0.0,0.0,1.0,road,road,1,1,733.1,-2.28,straight,0,-230.96,34.96,529.97,Hillclimb
24.9,,riding,126.9,0.42,-1.76,-0.050,16.6,0.0,0.0,23.9,-0.6,1.0,0.0,0.0,1.0,road,road,1,1,736.6,-2.45,straight,0,-229.89,34.96,533.33,Hillclimb
25.0,,riding,127.0,0.44,-0.33,-0.009,16.5,0.0,0.0,12.7,-0.3,1.0,0.0,0.0,1.0,road,road,1,1,740.2,-2.57,straight,0,-228.87,34.96,536.71,Hillclimb
25.1,,riding,127.2,0.44,-0.06,-0.002,16.4,0.0,0.0,5.8,-0.1,1.0,0.0,0.0,1.0,road,road,1,1,743.7,-2.67,straight,0,-227.86,34.96,540.09,Hillclimb
25.2,,riding,127.3,0.43,-0.01,-0.000,16.4,0.0,0.0,2.2,-0.0,1.0,0.0,0.0,1.0,road,road,1,1,747.2,-2.77,straight,0,-226.85,34.96,543.49,Hillclimb
25.3,,riding,127.5,0.41,-0.00,-0.000,16.4,0.0,0.0,1.0,-0.0,1.0,0.0,0.0,1.0,road,road,1,1,750.8,-2.86,straight,0,-225.85,34.96,546.88,Hillclimb
25.4,,riding,127.6,0.39,-0.00,-0.000,16.4,0.0,0.0,0.4,-0.0,1.0,0.0,0.0,1.0,road,road,1,1,754.3,-2.95,straight,0,-224.85,34.96,550.28,Hillclimb
25.5,,riding,127.8,0.37,-0.00,-0.000,16.4,0.0,0.0,0.2,-0.0,1.0,0.0,0.0,1.0,road,road,1,1,757.8,-3.03,straight,0,-223.84,34.96,553.69,Hillclimb
25.6,,riding,127.9,0.35,-0.00,-0.000,16.4,0.0,0.0,0.1,-0.0,1.0,0.0,0.0,1.0,road,road,1,1,761.4,-3.12,straight,0,-222.84,34.96,557.10,Hillclimb
25.7,,riding,128.0,0.33,-0.00,-0.000,16.4,0.0,0.0,0.0,-0.0,1.0,0.0,0.0,1.0,road,road,1,1,765.0,-3.21,straight,0,-221.83,34.96,560.51,Hillclimb
25.8,,riding,128.1,0.32,0.00,0.000,16.4,0.0,0.0,0.0,-0.0,1.0,0.0,0.0,1.0,road,road,1,1,768.5,-3.30,straight,0,-220.82,34.95,563.92,Hillclimb
25.9,,riding,129.0,2.54,0.00,0.000,16.4,0.0,0.0,-0.0,0.0,1.0,0.0,0.0,1.0,road,road,1,1,772.0,-3.39,straight,1,-219.81,34.87,567.35,Hillclimb
26.0,,riding,129.6,1.64,0.00,0.000,16.4,0.0,0.0,-0.0,0.0,1.0,0.0,0.0,1.0,road,road,1,1,775.6,-3.48,straight,1,-218.79,34.72,570.80,Hillclimb
26.1,,riding,130.9,3.67,0.03,0.001,16.4,0.0,0.0,-0.0,0.0,1.0,0.0,0.0,1.0,road,road,1,1,779.3,-3.57,straight,1,-217.77,34.66,574.28,Hillclimb
26.2,,riding,131.2,0.69,0.10,0.003,16.5,0.0,0.0,-0.2,-0.0,1.0,0.0,0.0,1.0,road,road,1,1,783.1,-3.67,straight,1,-216.74,34.90,577.76,Hillclimb
26.3,,riding,122.2,-24.92,9.06,0.267,17.4,0.0,0.0,-7.0,0.9,1.0,0.0,0.0,1.0,road,road,1,1,786.8,-3.76,straight,1,-215.75,35.62,581.10,Hillclimb
26.4,,riding,118.3,-10.77,-10.63,-0.323,15.1,0.0,0.0,13.4,-1.5,1.0,0.0,0.0,1.2,road,road,1,1,790.1,-3.86,straight,1,-214.84,36.70,584.10,Hillclimb
26.5,,riding,119.3,2.59,-7.84,-0.237,14.0,0.0,0.0,23.7,-1.0,1.0,1.0,1.2,1.2,road,road,1,1,793.4,-3.90,straight,1,-214.01,37.82,587.10,Hillclimb
26.6,,riding,119.7,1.29,-0.97,-0.029,13.4,0.0,0.0,22.5,-0.7,1.0,0.0,0.0,1.2,road,road,1,1,796.7,-3.88,straight,1,-213.22,38.93,590.14,Hillclimb
26.7,,riding,120.3,1.47,0.52,0.015,13.6,0.0,0.0,4.2,-0.1,1.0,0.0,0.0,1.2,road,road,1,1,800.1,-3.82,straight,1,-212.46,39.97,593.23,Hillclimb
26.8,,riding,121.3,2.81,0.06,0.002,13.7,0.0,0.0,0.7,-0.0,1.0,0.0,0.0,1.1,road,road,1,1,803.4,-3.75,straight,1,-211.70,40.98,596.35,Hillclimb
26.9,,riding,122.2,2.69,-0.03,-0.001,13.7,0.0,0.0,0.3,0.0,1.0,0.0,0.0,1.1,road,road,1,1,806.8,-3.68,straight,1,-210.93,41.97,599.50,Hillclimb
27.0,,riding,123.2,2.55,-0.05,-0.001,13.7,0.0,0.0,0.3,0.0,1.0,0.0,0.0,1.1,road,road,1,1,810.2,-3.60,straight,1,-210.16,42.97,602.68,Hillclimb
27.1,,riding,124.0,2.41,-0.05,-0.001,13.7,0.0,0.0,0.3,0.0,1.0,0.0,0.0,1.1,road,road,1,1,813.7,-3.52,straight,1,-209.38,43.96,605.88,Hillclimb
27.2,,riding,124.8,2.27,-0.05,-0.001,13.7,0.0,0.0,0.3,0.0,1.0,0.0,0.0,1.1,road,road,1,1,817.1,-3.45,straight,1,-208.60,44.96,609.11,Hillclimb
27.3,,riding,125.6,2.14,-0.05,-0.001,13.6,0.0,0.0,0.3,0.0,1.0,0.0,0.0,1.1,road,road,1,1,820.6,-3.37,straight,1,-207.81,45.96,612.35,Hillclimb
27.4,,riding,126.3,2.02,-0.05,-0.002,13.6,0.0,0.0,0.3,0.0,1.0,0.0,0.0,1.0,road,road,1,1,824.1,-3.29,straight,1,-207.02,46.97,615.62,Hillclimb
27.5,,riding,127.0,1.90,-0.05,-0.002,13.6,0.0,0.0,0.3,0.0,1.0,0.0,0.0,1.0,road,road,1,1,827.6,-3.21,straight,1,-206.22,47.99,618.90,Hillclimb
27.6,,riding,127.7,1.79,-0.05,-0.002,13.6,0.0,0.0,0.3,0.0,1.0,0.0,0.0,1.0,road,road,1,1,831.2,-3.12,straight,1,-205.42,49.00,622.20,Hillclimb
27.7,,riding,128.3,1.68,-0.05,-0.002,13.6,0.0,0.0,0.3,0.0,1.0,0.0,0.0,1.0,road,road,1,1,834.7,-3.04,straight,1,-204.62,50.03,625.52,Hillclimb
27.8,,riding,128.8,1.58,-0.06,-0.002,13.6,0.0,0.0,0.3,0.0,1.0,0.0,0.0,1.0,road,road,1,1,838.3,-2.96,straight,1,-203.81,51.06,628.85,Hillclimb
27.9,,riding,129.4,1.49,-0.06,-0.002,13.6,0.0,0.0,0.3,0.0,1.0,0.0,0.0,1.0,road,road,1,1,841.9,-2.87,straight,1,-203.00,52.09,632.20,Hillclimb
28.0,,riding,129.9,1.40,-0.06,-0.002,13.6,0.0,0.0,0.3,0.0,1.0,0.0,0.0,1.0,road,road,1,1,845.5,-2.79,straight,1,-202.19,53.13,635.56,Hillclimb
28.1,,riding,130.4,1.32,-0.06,-0.002,13.6,0.0,0.0,0.3,0.0,1.0,0.0,0.0,1.0,road,road,1,1,849.1,-2.70,straight,1,-201.38,54.17,638.93,Hillclimb
28.2,,riding,130.8,1.24,-0.06,-0.002,13.6,0.0,0.0,0.3,0.0,1.0,0.0,0.0,1.0,road,road,1,1,852.8,-2.62,straight,1,-200.56,55.21,642.31,Hillclimb
28.3,,riding,131.2,1.17,-0.06,-0.002,13.6,0.0,0.0,0.3,0.0,1.0,0.0,0.0,1.0,road,road,1,1,856.4,-2.53,straight,1,-199.74,56.26,645.71,Hillclimb
28.4,,riding,131.6,1.10,-0.06,-0.002,13.5,0.0,0.0,0.3,0.0,1.0,0.0,0.0,1.0,road,road,1,1,860.1,-2.44,straight,1,-198.92,57.31,649.12,Hillclimb
28.5,,riding,132.0,1.03,-0.06,-0.002,13.5,0.0,0.0,0.3,0.0,1.0,0.0,0.0,1.0,road,road,1,1,863.7,-2.35,straight,1,-198.10,58.36,652.53,Hillclimb
28.6,,riding,132.3,0.97,-0.06,-0.002,13.5,0.0,0.0,0.3,0.0,1.0,0.0,0.0,1.0,road,road,1,1,867.4,-2.26,straight,1,-197.27,59.42,655.96,Hillclimb
28.7,,riding,132.7,0.91,-0.06,-0.002,13.5,0.0,0.0,0.3,0.0,1.0,0.0,0.0,0.9,road,road,1,1,871.1,-2.17,straight,1,-196.45,60.48,659.39,Hillclimb
28.8,,riding,133.0,0.85,-0.06,-0.002,13.5,0.0,0.0,0.4,0.0,1.0,0.0,0.0,0.9,road,road,1,1,874.8,-2.07,straight,1,-195.62,61.54,662.83,Hillclimb
28.9,,riding,133.3,0.80,-0.06,-0.002,13.5,0.0,0.0,0.4,0.0,1.0,0.0,0.0,0.9,road,road,1,1,878.5,-1.98,straight,1,-194.79,62.60,666.28,Hillclimb
29.0,,riding,133.5,0.75,-0.06,-0.002,13.5,0.0,0.0,0.4,0.0,1.0,0.0,0.0,0.9,road,road,1,1,882.2,-1.89,straight,1,-193.96,63.67,669.74,Hillclimb
29.1,,riding,133.8,0.71,-0.06,-0.002,13.5,0.0,0.0,0.4,0.0,1.0,0.0,0.0,0.9,road,road,1,1,885.9,-1.79,straight,1,-193.13,64.74,673.20,Hillclimb
29.2,,riding,134.0,0.66,-0.06,-0.002,13.5,0.0,0.0,0.4,0.0,1.0,0.0,0.0,0.9,road,road,1,1,889.6,-1.70,straight,1,-192.30,65.81,676.67,Hillclimb
29.3,,riding,134.2,0.60,-0.09,-0.002,13.5,0.0,0.0,0.4,0.0,1.0,0.0,0.0,0.9,road,road,1,1,893.4,-1.60,straight,1,-191.47,66.89,680.15,Hillclimb
29.4,,riding,134.3,0.17,-0.14,-0.004,13.4,0.0,0.0,0.6,0.0,1.0,0.0,0.0,0.9,road,road,1,1,897.1,-1.51,straight,1,-190.65,68.04,683.60,Hillclimb
29.5,,riding,134.4,0.15,-0.17,-0.004,13.4,0.0,0.0,0.7,-0.0,1.0,0.0,0.0,0.9,road,road,1,1,900.9,-1.41,straight,1,-189.83,69.26,687.04,Hillclimb
29.6,,riding,133.8,-1.45,0.02,0.001,13.4,0.0,0.0,0.4,-0.0,1.0,0.0,0.0,0.9,road,road,1,1,904.5,-1.31,straight,1,-189.01,70.44,690.48,Hillclimb
29.7,,riding,132.1,-4.76,0.02,0.000,13.4,0.0,0.0,0.1,-0.0,1.0,0.0,0.0,0.9,air,air,0,0,908.1,-1.21,straight,1,-188.19,71.52,693.90,Hillclimb
29.8,,riding,130.5,-4.50,0.01,0.000,13.4,0.0,0.0,-0.0,0.0,1.0,0.0,0.0,1.0,air,air,0,0,911.5,-1.12,straight,1,-187.37,72.49,697.32,Hillclimb
29.9,,riding,129.0,-4.23,0.01,0.000,13.4,0.0,0.0,-0.1,0.0,1.0,0.0,0.0,1.0,air,air,0,0,914.8,-1.02,straight,1,-186.57,73.36,700.71,Hillclimb
30.0,,riding,127.6,-3.96,0.01,0.000,13.4,0.0,0.0,-0.1,0.0,1.0,0.0,0.0,1.0,air,air,0,0,918.2,-0.92,straight,1,-185.76,74.14,704.09,Hillclimb
30.1,,riding,126.2,-3.68,0.01,0.000,13.4,0.0,0.0,-0.1,0.0,1.0,0.0,0.0,1.0,air,air,0,0,921.8,-0.83,straight,1,-184.96,74.81,707.45,Hillclimb
30.2,,riding,125.0,-3.39,0.01,0.000,13.4,0.0,0.0,-0.1,0.0,1.0,0.0,0.0,1.1,air,air,0,0,925.3,-0.73,straight,1,-184.16,75.37,710.79,Hillclimb
30.3,,riding,123.9,-3.11,0.01,0.000,13.4,0.0,0.0,-0.0,0.0,1.0,0.0,0.0,1.1,air,air,0,0,928.7,-0.64,straight,1,-183.37,75.84,714.12,Hillclimb
30.4,,riding,122.9,-2.82,0.01,0.000,13.4,0.0,0.0,-0.0,0.0,1.0,0.0,0.0,1.1,air,air,0,0,932.1,-0.54,straight,1,-182.58,76.21,717.43,Hillclimb
30.5,,riding,122.0,-2.53,0.00,0.000,13.4,0.0,0.0,-0.0,0.0,1.0,0.0,0.0,1.1,air,air,0,0,935.5,-0.45,straight,1,-181.79,76.48,720.72,Hillclimb
30.6,,riding,121.2,-2.23,0.00,0.000,13.4,0.0,0.0,-0.0,0.0,1.0,0.0,0.0,1.1,air,air,0,0,938.8,-0.36,straight,1,-181.01,76.65,724.00,Hillclimb
30.7,,riding,120.5,-1.94,0.00,0.000,13.4,0.0,0.0,-0.0,0.0,1.0,0.0,0.0,1.1,air,air,0,0,942.2,-0.26,straight,1,-180.23,76.72,727.26,Hillclimb
30.8,,riding,119.9,-1.64,0.00,0.000,13.4,0.0,0.0,-0.0,0.0,1.0,0.0,0.0,1.2,air,air,0,0,945.8,-0.17,straight,1,-179.46,76.69,730.50,Hillclimb
30.9,,riding,119.4,-1.34,0.00,0.000,13.4,0.0,0.0,-0.0,0.0,1.0,0.0,0.0,1.2,air,air,0,0,949.2,-0.08,straight,0,-178.69,76.56,733.73,Hillclimb
31.0,,riding,119.0,-1.05,0.00,0.000,13.4,0.0,0.0,-0.0,0.0,1.0,0.0,0.0,1.2,air,air,0,0,952.3,0.01,straight,0,-177.92,76.34,736.95,Hillclimb
31.1,,riding,118.8,-0.75,0.00,0.000,13.4,0.0,0.0,-0.0,0.0,1.0,0.0,0.0,1.2,air,air,0,0,955.2,0.10,straight,0,-177.16,76.02,740.14,Hillclimb
31.2,,riding,118.6,-0.46,0.00,0.000,13.4,0.0,0.0,-0.0,0.0,0.0,0.0,0.0,1.2,air,air,0,0,957.9,0.19,straight,0,-176.40,75.60,743.32,Hillclimb
31.3,,riding,118.5,-0.18,0.00,0.000,13.4,0.0,0.0,-0.0,0.0,0.0,0.0,0.0,1.2,air,air,0,0,960.6,0.28,straight,0,-175.65,75.09,746.49,Hillclimb
31.4,,riding,118.6,0.11,0.00,0.000,13.4,0.0,0.0,-0.0,0.0,0.0,0.0,0.0,1.2,air,air,0,0,963.4,0.37,straight,0,-174.90,74.48,749.64,Hillclimb
31.5,,riding,118.7,0.39,0.00,0.000,13.4,0.0,0.0,-0.0,0.0,0.0,0.0,0.0,1.2,air,air,0,0,966.6,0.46,straight,0,-174.15,73.78,752.77,Hillclimb
31.6,,riding,118.9,0.66,0.00,0.000,13.4,0.0,0.0,-0.0,0.0,0.0,0.0,0.0,1.2,air,air,0,0,970.0,0.55,straight,0,-173.41,72.99,755.89,Hillclimb
31.7,,riding,119.3,0.93,0.00,0.000,13.4,0.0,0.0,-0.0,0.0,0.0,0.0,0.0,1.2,air,air,0,0,973.5,0.64,straight,0,-172.67,72.09,758.99,Hillclimb
31.8,,riding,119.7,1.19,0.00,0.000,13.4,0.0,0.0,-0.0,0.0,0.0,0.0,0.0,1.2,air,air,0,0,976.8,0.73,straight,0,-171.93,71.11,762.08,Hillclimb
31.9,,riding,120.2,1.45,0.00,0.000,13.4,0.0,0.0,-0.0,0.0,0.0,0.0,0.0,1.2,air,air,0,0,980.2,0.82,straight,0,-171.20,70.03,765.15,Hillclimb
32.0,,riding,120.8,1.70,0.00,0.000,13.4,0.0,0.0,-0.0,0.0,0.0,0.0,0.0,1.1,air,air,0,0,983.5,0.90,straight,0,-170.47,68.87,768.20,Hillclimb
32.1,,riding,121.5,1.94,0.00,0.000,13.4,0.0,0.0,-0.0,0.0,0.0,0.0,0.0,1.1,air,air,0,0,986.9,0.99,straight,0,-169.74,67.60,771.25,Hillclimb
32.2,,riding,122.3,2.17,0.00,0.000,13.4,0.0,0.0,-0.0,0.0,0.0,0.0,0.0,1.1,air,air,0,0,990.2,1.08,straight,0,-169.02,66.25,774.27,Hillclimb
32.3,,riding,123.2,2.40,0.00,0.000,13.4,0.0,0.0,-0.0,0.0,0.0,0.0,0.0,1.1,air,air,0,0,993.6,1.16,straight,0,-168.31,64.81,777.28,Hillclimb
32.4,,riding,124.1,2.61,0.00,0.000,13.4,0.0,0.0,-0.0,0.0,0.0,0.0,0.0,1.1,air,air,0,0,997.0,1.25,straight,0,-167.59,63.27,780.28,Hillclimb
32.5,,riding,125.1,2.82,0.00,0.000,13.4,0.0,0.0,-0.0,0.0,0.0,0.0,0.0,1.1,air,air,0,0,1000.4,1.33,straight,0,-166.88,61.65,783.26,Hillclimb
32.6,,riding,126.2,3.02,0.00,0.000,13.4,0.0,0.0,-0.0,0.0,0.0,0.0,0.0,1.0,air,air,0,0,1003.8,1.42,straight,0,-166.17,59.93,786.22,Hillclimb
32.7,,riding,127.4,3.21,0.00,0.000,13.4,0.0,0.0,-0.0,0.0,1.0,0.0,0.0,1.0,air,air,0,0,1007.2,1.50,straight,0,-165.47,58.13,789.17,Hillclimb
32.8,,riding,128.6,3.40,0.00,0.000,13.4,0.0,0.0,-0.0,0.0,1.0,0.0,0.0,1.0,air,air,0,0,1010.7,1.58,straight,0,-164.77,56.24,792.11,Hillclimb
32.9,,riding,128.6,0.03,0.07,0.002,13.4,0.0,0.0,-0.1,0.0,1.0,0.0,0.0,1.0,road,road,1,1,1014.1,1.67,straight,0,-164.07,54.34,795.06,Hillclimb
33.0,,riding,78.1,-140.27,-74.61,-3.438,-5.9,0.0,0.0,21.6,-11.9,1.0,0.0,0.0,2.7,road,road,1,1,1016.6,1.91,straight,0,-163.74,54.04,797.36,Hillclimb
33.1,,riding,77.9,-0.61,-40.64,-1.878,-21.5,0.0,0.0,37.2,-27.6,1.0,0.0,0.0,2.7,air,air,0,0,1018.7,2.25,straight,0,-163.51,53.92,799.52,Hillclimb
33.2,,riding,77.8,-0.17,6.57,0.304,-25.9,0.0,0.0,37.4,-32.0,1.0,0.0,0.0,2.7,air,air,0,0,1020.8,2.58,straight,0,-163.28,53.70,801.65,Hillclimb
33.3,,riding,77.9,0.27,45.73,2.112,-18.3,0.0,0.0,-12.4,-24.4,1.0,0.0,0.0,2.7,air,air,0,0,1022.9,2.91,straight,0,-163.06,53.39,803.78,Hillclimb
33.4,,riding,78.2,0.70,61.27,2.821,-3.3,0.0,0.0,-35.5,-9.4,1.0,0.0,0.0,2.7,air,air,0,0,1025.1,3.24,straight,0,-162.83,52.97,805.90,Hillclimb
33.5,,riding,78.6,1.12,54.68,2.505,12.2,0.0,0.0,-42.1,6.1,1.0,0.0,0.0,2.7,air,air,0,0,1027.2,3.57,straight,0,-162.61,52.47,808.01,Hillclimb
33.6,,riding,79.1,1.53,36.19,1.646,24.5,0.0,0.0,-45.6,18.4,1.0,0.0,0.0,2.7,air,air,0,0,1029.4,3.90,straight,0,-162.38,51.86,810.11,Hillclimb
33.7,,riding,79.8,1.92,4.11,0.185,29.8,0.0,0.0,-46.6,23.7,1.0,0.0,0.0,2.6,air,air,0,0,1031.6,4.22,straight,0,-162.16,51.16,812.19,Hillclimb
33.8,,riding,80.7,2.29,-26.67,-1.190,26.5,0.0,0.0,0.8,20.4,1.0,0.0,0.0,2.6,air,air,0,0,1033.8,4.55,straight,0,-161.94,50.37,814.27,Hillclimb
33.9,,riding,81.6,2.65,-43.22,-1.907,17.0,0.0,0.0,28.8,11.0,1.0,0.0,0.0,2.5,air,air,0,0,1036.0,4.87,straight,0,-161.72,49.49,816.34,Hillclimb
34.0,,riding,82.7,2.99,-41.25,-1.796,6.1,0.0,0.0,40.2,-0.0,1.0,0.0,0.0,2.4,air,air,0,0,1038.2,5.19,straight,0,-161.50,48.51,818.39,Hillclimb
34.1,,riding,83.9,3.32,-34.63,-1.486,-3.5,0.0,0.0,44.8,-9.6,1.0,0.0,0.0,2.4,air,air,0,0,1040.5,5.51,straight,0,-161.28,47.43,820.44,Hillclimb
34.2,,riding,84.1,0.60,27.86,1.193,-2.6,0.0,0.0,15.5,-4.6,1.0,0.0,0.0,2.4,air,road,0,1,1042.7,5.90,straight,0,-161.15,46.43,822.54,Hillclimb
34.3,,riding,86.2,5.96,9.30,0.388,2.3,0.0,0.0,-22.4,0.8,1.0,0.0,0.0,2.3,road,road,1,1,1045.0,6.41,straight,0,-161.09,45.65,824.79,Hillclimb
34.4,,riding,89.0,7.76,1.19,0.048,3.2,0.0,0.0,-23.1,0.6,1.0,0.0,0.0,2.1,offroad,road,1,1,1047.4,6.94,straight,0,-161.00,44.97,827.14,Hillclimb
34.5,,riding,90.3,3.43,0.13,0.005,3.2,0.0,0.0,-9.0,0.2,1.0,0.0,0.0,2.0,offroad,offroad,1,1,1049.9,7.44,straight,0,-160.88,44.26,829.54,Hillclimb
34.6,,riding,90.4,0.46,0.28,0.011,3.3,0.0,0.0,-4.9,0.2,1.0,0.0,0.0,2.0,offroad,offroad,1,1,1052.3,7.94,straight,0,-160.75,43.53,831.95,Hillclimb
34.7,,riding,90.6,0.46,0.31,0.012,3.4,0.0,0.0,-3.0,0.2,1.0,0.0,0.0,2.0,offroad,offroad,1,1,1054.8,8.44,straight,0,-160.62,42.78,834.35,Hillclimb
34.8,,riding,90.8,0.44,0.32,0.013,3.4,0.0,0.0,-2.3,0.2,1.0,0.0,0.0,2.0,offroad,offroad,1,1,1057.3,8.93,straight,0,-160.48,42.03,836.75,Hillclimb
34.9,,riding,90.9,0.42,0.32,0.013,3.5,0.0,0.0,-2.1,0.2,1.0,0.0,0.0,2.0,offroad,offroad,1,1,1059.7,9.42,straight,0,-160.34,41.27,839.16,Hillclimb
35.0,,riding,91.0,0.29,10.66,0.421,5.0,0.0,0.0,-15.6,0.6,1.0,-1.0,-2.0,2.0,offroad,offroad,1,1,1062.2,9.89,straight,0,-160.18,40.51,841.57,Hillclimb
35.1,,riding,91.1,0.10,13.49,0.533,7.9,0.0,0.0,-36.5,1.5,1.0,-1.0,-2.0,2.0,offroad,offroad,1,1,1064.7,10.31,straight,0,-159.95,39.75,843.98,Hillclimb
35.2,,riding,91.0,-0.09,9.75,0.386,10.7,0.0,0.0,-42.4,1.8,1.0,-1.0,-2.0,2.0,offroad,offroad,1,1,1067.2,10.63,straight,0,-159.62,39.00,846.37,Hillclimb
35.3,,riding,91.0,-0.15,8.36,0.331,13.2,0.0,0.0,-45.0,1.9,1.0,-1.0,-2.0,2.0,offroad,offroad,1,1,1069.8,10.84,straight,0,-159.18,38.23,848.75,Hillclimb
35.4,,riding,91.1,0.25,-0.36,-0.014,13.2,0.0,0.0,-18.8,0.8,1.0,-1.0,-2.0,2.0,offroad,offroad,1,1,1072.3,10.97,straight,0,-158.69,37.42,851.09,Hillclimb
35.5,,riding,91.3,0.54,11.79,0.465,15.1,0.0,0.0,-27.2,1.0,1.0,-1.0,-2.0,2.0,offroad,offroad,1,1,1074.8,11.05,straight,0,-158.14,36.57,853.42,Hillclimb
35.6,,riding,91.3,0.18,4.66,0.184,17.1,0.0,0.0,-35.4,1.5,1.0,0.0,0.0,2.0,offroad,offroad,1,1,1077.4,11.07,straight,0,-157.51,35.76,855.75,Hillclimb
35.7,,riding,91.1,-0.64,0.85,0.034,17.6,0.0,0.0,-23.1,1.0,1.0,0.0,0.0,2.0,offroad,offroad,1,1,1079.9,11.02,straight,0,-156.83,35.04,858.08,Hillclimb
35.8,,riding,90.4,-2.02,-0.45,-0.018,17.6,0.0,0.0,-10.3,0.6,1.0,0.0,0.0,2.0,offroad,offroad,1,1,1082.5,10.94,straight,0,-156.12,34.48,860.43,Hillclimb
35.9,,riding,89.3,-3.09,-0.24,-0.010,17.6,0.0,0.0,-3.4,0.5,1.0,0.0,0.0,2.1,offroad,offroad,1,1,1085.0,10.85,straight,0,-155.40,34.11,862.79,Hillclimb
36.0,,riding,87.9,-3.84,-0.14,-0.006,17.5,0.0,0.0,-0.3,0.5,1.0,0.0,0.0,2.1,offroad,offroad,1,1,1087.5,10.77,straight,0,-154.68,33.95,865.13,Hillclimb
36.1,,riding,86.6,-3.54,-0.13,-0.005,17.5,0.0,0.0,0.6,0.4,1.0,0.0,0.0,2.2,offroad,offroad,1,1,1089.9,10.68,straight,0,-153.97,33.99,867.44,Hillclimb
36.2,,riding,85.6,-2.88,-0.02,-0.001,17.4,0.0,0.0,0.5,0.4,1.0,0.0,0.0,2.3,offroad,offroad,1,1,1092.3,10.60,straight,0,-153.27,34.13,869.72,Hillclimb
36.3,,riding,84.6,-2.73,7.56,0.322,18.2,0.0,0.0,-8.0,0.5,1.0,-1.0,-2.3,2.3,offroad,offroad,1,1,1094.7,10.50,straight,0,-152.57,34.28,871.98,Hillclimb
36.4,,riding,83.4,-3.24,9.67,0.417,21.1,0.0,0.0,-32.6,1.6,1.0,0.0,0.0,2.4,offroad,offroad,1,1,1097.0,10.36,straight,0,-151.82,34.40,874.18,Hillclimb
36.5,,riding,82.4,-2.84,2.44,0.107,22.3,0.0,0.0,-29.3,1.4,1.0,0.0,0.0,2.4,offroad,offroad,1,1,1099.3,10.16,straight,0,-151.03,34.50,876.34,Hillclimb
36.6,,riding,81.7,-1.90,0.48,0.021,22.5,0.0,0.0,-14.4,0.8,1.0,0.0,0.0,2.5,offroad,offroad,1,1,1101.6,9.91,straight,0,-150.19,34.57,878.46,Hillclimb
36.7,,riding,81.0,-1.89,10.67,0.474,24.2,0.0,0.0,-24.4,0.9,1.0,-1.0,-2.5,2.5,offroad,offroad,1,1,1103.8,9.63,straight,0,-149.33,34.64,880.55,Hillclimb
36.8,,riding,80.2,-2.15,13.38,0.600,27.5,0.0,0.0,-38.4,1.9,1.0,-1.0,-2.6,2.6,offroad,offroad,1,1,1106.0,9.27,straight,0,-148.40,34.70,882.58,Hillclimb
36.9,,riding,78.9,-3.66,13.42,0.612,31.0,0.0,0.0,-43.5,2.8,1.0,-1.0,-2.7,2.7,offroad,offroad,1,1,1108.2,8.82,straight,0,-147.39,34.76,884.55,Hillclimb
37.0,,riding,77.2,-4.71,13.20,0.615,34.6,0.0,0.0,-46.2,3.7,1.0,-1.0,-2.8,2.8,offroad,offroad,1,1,1110.3,8.29,straight,0,-146.32,34.83,886.42,Hillclimb
37.1,,riding,75.4,-5.14,12.57,0.600,38.1,0.0,0.0,-47.3,4.4,1.0,0.0,0.0,2.9,offroad,offroad,1,1,1112.3,7.66,straight,0,-145.18,34.90,888.20,Hillclimb
37.2,,riding,73.8,-4.46,1.75,0.085,40.7,0.0,0.0,-44.3,4.6,1.0,0.0,0.0,3.0,road,offroad,1,1,1114.3,6.96,straight,0,-143.99,34.97,889.89,Hillclimb
37.3,,riding,74.3,1.49,-4.19,-0.203,39.2,0.0,0.0,-3.3,1.3,1.0,0.0,0.0,3.0,road,road,1,1,1116.2,6.20,straight,0,-142.75,35.00,891.53,Hillclimb
37.4,,riding,76.5,6.18,-3.70,-0.174,38.5,0.0,0.0,6.0,0.2,1.0,1.0,2.3,2.9,road,road,1,1,1118.1,5.37,straight,0,-141.44,35.00,893.19,Hillclimb
37.5,,riding,78.6,5.86,-12.58,-0.576,35.8,0.0,0.0,26.2,-0.9,1.0,1.0,2.7,2.7,road,road,1,1,1120.1,4.53,straight,0,-140.12,34.98,894.91,Hillclimb
37.6,,riding,80.6,5.45,-14.27,-0.637,32.2,0.0,0.0,39.2,-1.7,1.0,1.0,2.6,2.6,road,road,1,1,1122.2,3.75,straight,0,-138.84,34.98,896.73,Hillclimb
37.7,,riding,82.4,5.04,-14.57,-0.636,28.5,0.0,0.0,44.4,-2.1,1.0,1.0,2.5,2.5,road,road,1,1,1124.4,3.07,straight,0,-137.63,34.97,898.66,Hillclimb
37.8,,riding,84.1,4.77,-14.61,-0.625,24.8,0.0,0.0,46.5,-2.2,1.0,1.0,2.4,2.4,road,road,1,1,1126.6,2.50,straight,0,-136.52,34.97,900.71,Hillclimb
37.9,,riding,85.8,4.58,-14.60,-0.613,21.2,0.0,0.0,47.4,-2.2,1.0,1.0,2.3,2.3,road,road,1,1,1128.9,2.07,straight,0,-135.52,34.96,902.86,Hillclimb
38.0,,riding,87.5,4.81,-2.81,-0.116,19.7,0.0,0.0,39.2,-1.5,1.0,0.0,0.0,2.2,road,road,1,1,1131.3,1.76,straight,0,-134.62,34.96,905.10,Hillclimb
38.1,,riding,87.3,-0.69,-0.53,-0.022,19.4,0.0,0.0,20.7,-0.6,0.0,0.0,0.0,2.2,road,road,1,1,1133.7,1.52,straight,0,-133.76,34.96,907.39,Hillclimb
38.2,,riding,86.0,-3.40,-0.10,-0.004,19.4,0.0,0.0,9.4,-0.2,0.0,0.0,0.0,2.2,road,road,1,1,1136.1,1.32,straight,0,-132.95,34.96,909.64,Hillclimb
38.3,MARK,riding,84.8,-3.37,-0.02,-0.001,19.4,0.0,0.0,4.0,-0.1,0.0,0.0,0.0,2.3,road,road,1,1,1138.5,1.13,straight,0,-132.16,34.96,911.88,Hillclimb
38.4,,riding,83.6,-3.35,-0.00,-0.000,19.3,0.0,0.0,1.4,-0.0,0.0,0.0,0.0,2.4,road,road,1,1,1140.8,0.95,straight,0,-131.39,34.96,914.08,Hillclimb
38.5,,riding,82.4,-3.33,-0.00,-0.000,19.3,0.0,0.0,0.7,-0.0,0.0,0.0,0.0,2.4,road,road,1,1,1143.1,0.78,straight,0,-130.63,34.96,916.24,Hillclimb
38.6,,riding,81.2,-3.32,-0.00,-0.000,19.3,0.0,0.0,0.3,-0.0,0.0,0.0,0.0,2.5,road,road,1,1,1145.4,0.61,straight,0,-129.88,34.96,918.38,Hillclimb
38.7,,riding,80.0,-3.30,-0.00,-0.000,19.3,0.0,0.0,0.1,-0.0,0.0,0.0,0.0,2.6,road,road,1,1,1147.6,0.44,straight,0,-129.14,34.96,920.49,Hillclimb
