t,mark,rider,speed_kmh,accel_ms2,lat_accel_ms2,yaw_rate_rads,heading_deg,pitch_deg,roll_deg,lean_deg,slip_deg,throttle_in,steer_in,steer_deg,steer_limit_deg,surface_front,surface_rear,contact_f,contact_r,dist_along_m,off_centre_m,corner_radius_m,nitro,x,y,z
0.1,,riding,-1.0,0.00,0.00,0.000,0.0,0.0,0.0,0.0,0.0,0.0,0.0,0.0,32.0,road,road,1,1,11.0,2.50,straight,0,-2.50,1.39,10.99
0.2,,riding,-1.0,0.12,0.00,0.000,0.0,0.0,0.0,0.0,0.0,0.0,0.0,0.0,32.0,road,road,1,1,11.0,2.50,straight,0,-2.50,1.37,10.98
0.3,,riding,-0.7,0.77,0.00,0.000,0.0,0.0,0.0,0.0,0.0,0.0,0.0,0.0,32.0,road,road,1,1,11.0,2.50,straight,0,-2.50,1.35,10.97
0.4,,riding,-0.6,0.30,0.00,0.000,0.0,0.0,0.0,0.0,0.0,0.0,0.0,0.0,32.0,road,road,1,1,11.0,2.50,straight,0,-2.50,1.35,10.96
0.5,,riding,1.7,6.38,0.00,0.000,0.0,0.0,0.0,0.0,0.0,1.0,0.0,0.0,32.0,road,road,1,1,11.0,2.50,straight,0,-2.50,1.36,10.98
0.6,,riding,5.1,9.55,0.00,0.000,0.0,0.0,0.0,0.0,0.0,1.0,0.0,0.0,32.0,road,road,1,1,11.1,2.50,straight,0,-2.50,1.37,11.10
0.7,,riding,8.5,9.49,0.00,0.000,0.0,0.0,0.0,0.0,0.0,1.0,0.0,0.0,32.0,road,road,1,1,11.3,2.50,straight,0,-2.50,1.38,11.32
0.8,,riding,11.9,9.41,0.00,0.000,0.0,0.0,0.0,0.0,0.0,1.0,0.0,0.0,23.9,road,road,1,1,11.6,2.50,straight,0,-2.50,1.39,11.62
0.9,,riding,15.3,9.32,0.00,0.000,0.0,0.0,0.0,0.0,0.0,1.0,0.0,0.0,18.9,road,road,1,1,12.0,2.50,straight,0,-2.50,1.41,12.02
1.0,,riding,18.6,9.23,0.00,0.000,0.0,0.0,0.0,0.0,0.0,1.0,0.0,0.0,15.6,road,road,1,1,12.5,2.50,straight,0,-2.50,1.43,12.52
1.1,,riding,21.9,9.12,0.00,0.000,0.0,0.0,0.0,0.0,0.0,1.0,0.0,0.0,13.3,road,road,1,1,13.0,2.50,straight,0,-2.50,1.45,13.10
1.2,,riding,25.1,9.01,0.00,0.000,0.0,0.0,0.0,0.0,0.0,1.0,0.0,0.0,11.6,road,road,1,1,13.7,2.50,straight,0,-2.50,1.48,13.78
1.3,,riding,28.3,8.89,0.00,0.000,0.0,0.0,0.0,0.0,0.0,1.0,0.0,0.0,10.3,road,road,1,1,14.5,2.50,straight,0,-2.50,1.51,14.54
1.4,,riding,31.5,8.76,0.00,0.000,0.0,0.0,0.0,0.0,0.0,1.0,0.0,0.0,9.2,road,road,1,1,15.3,2.50,straight,0,-2.50,1.55,15.40
1.5,,riding,34.6,8.62,0.00,0.000,0.0,0.0,0.0,0.0,0.0,1.0,0.0,0.0,8.4,road,road,1,1,16.2,2.50,straight,0,-2.50,1.59,16.34
1.6,,riding,37.6,8.48,0.00,0.000,0.0,0.0,0.0,0.0,0.0,1.0,0.0,0.0,7.7,road,road,1,1,17.2,2.50,straight,0,-2.50,1.63,17.36
1.7,,riding,40.6,8.33,0.00,0.000,0.0,0.0,0.0,0.0,0.0,1.0,0.0,0.0,7.2,road,road,1,1,18.3,2.50,straight,0,-2.50,1.68,18.47
1.8,,riding,43.6,8.17,0.00,0.000,0.0,0.0,0.0,0.0,0.0,1.0,0.0,0.0,6.7,road,road,1,1,19.5,2.50,straight,0,-2.50,1.73,19.66
1.9,,riding,46.5,8.01,0.00,0.000,0.0,0.0,0.0,0.0,0.0,1.0,0.0,0.0,6.3,road,road,1,1,20.8,2.50,straight,0,-2.50,1.78,20.93
2.0,,riding,49.3,7.85,0.00,0.000,0.0,0.0,0.0,0.0,0.0,1.0,0.0,0.0,5.9,road,road,1,1,22.1,2.50,straight,0,-2.50,1.84,22.28
2.1,,riding,52.1,7.68,0.00,0.000,0.0,0.0,0.0,0.0,0.0,1.0,0.0,0.0,5.6,road,road,1,1,23.5,2.50,straight,0,-2.50,1.90,23.71
2.2,,riding,54.8,7.51,0.00,0.000,0.0,0.0,0.0,0.0,0.0,1.0,0.0,0.0,5.3,road,road,1,1,25.0,2.50,straight,0,-2.50,1.96,25.21
2.3,,riding,57.4,7.34,0.00,0.000,0.0,0.0,0.0,0.0,0.0,1.0,0.0,0.0,5.1,road,road,1,1,26.6,2.50,straight,0,-2.50,2.03,26.79
2.4,,riding,60.0,7.17,0.00,0.000,0.0,0.0,0.0,0.0,0.0,1.0,0.0,0.0,4.7,road,road,1,1,28.2,2.50,straight,0,-2.50,2.09,28.43
2.5,,riding,62.5,6.99,0.00,0.000,0.0,0.0,0.0,0.0,0.0,1.0,0.0,0.0,4.3,road,road,1,1,29.9,2.50,straight,0,-2.50,2.16,30.15
2.6,,riding,65.0,6.82,0.00,0.000,0.0,0.0,0.0,0.0,0.0,1.0,0.0,0.0,4.0,road,road,1,1,31.7,2.50,straight,0,-2.50,2.23,31.94
2.7,,riding,67.3,6.65,0.00,0.000,0.0,0.0,0.0,0.0,0.0,1.0,0.0,0.0,3.7,road,road,1,1,33.5,2.50,straight,0,-2.50,2.29,33.79
2.8,,riding,69.7,6.48,0.00,0.000,0.0,0.0,0.0,0.0,0.0,1.0,0.0,0.0,3.5,road,road,1,1,35.4,2.50,straight,0,-2.50,2.36,35.71
2.9,,riding,71.9,6.31,0.00,0.000,0.0,0.0,0.0,0.0,0.0,1.0,0.0,0.0,3.2,road,road,1,1,37.4,2.50,straight,0,-2.50,2.43,37.70
3.0,,riding,74.2,6.15,0.00,0.000,0.0,0.0,0.0,0.0,0.0,1.0,0.0,0.0,3.1,road,road,1,1,39.5,2.50,straight,0,-2.50,2.49,39.74
3.1,,riding,76.3,5.98,0.00,0.000,0.0,0.0,0.0,0.0,0.0,1.0,0.0,0.0,2.9,road,road,1,1,41.5,2.50,straight,0,-2.50,2.55,41.85
3.2,,riding,78.4,5.83,0.00,0.000,0.0,0.0,0.0,0.0,0.0,1.0,0.0,0.0,2.7,road,road,1,1,43.7,2.50,straight,0,-2.50,2.61,44.01
3.3,,riding,80.5,5.67,0.00,0.000,0.0,0.0,0.0,0.0,0.0,1.0,0.0,0.0,2.6,road,road,1,1,45.9,2.50,straight,0,-2.50,2.66,46.23
3.4,,riding,82.4,5.52,0.00,0.000,0.0,0.0,0.0,0.0,0.0,1.0,0.0,0.0,2.5,road,road,1,1,48.2,2.50,straight,0,-2.50,2.70,48.51
3.5,,riding,84.4,5.37,0.00,0.000,0.0,0.0,0.0,0.0,0.0,1.0,0.0,0.0,2.4,road,road,1,1,50.5,2.50,straight,0,-2.50,2.73,50.84
3.6,,riding,86.3,5.24,0.00,0.000,0.0,0.0,0.0,0.0,0.0,1.0,0.0,0.0,2.3,road,road,1,1,52.9,2.50,straight,0,-2.50,2.76,53.23
3.7,,riding,88.1,5.10,0.00,0.000,0.0,0.0,0.0,0.0,0.0,1.0,0.0,0.0,2.2,road,road,1,1,55.3,2.50,straight,0,-2.50,2.77,55.66
3.8,,riding,89.9,4.96,0.00,0.000,0.0,0.0,0.0,0.0,0.0,1.0,0.0,0.0,2.1,road,road,1,1,57.8,2.50,straight,0,-2.50,2.77,58.15
3.9,,riding,91.6,4.82,0.00,0.000,0.0,0.0,0.0,0.0,0.0,1.0,0.0,0.0,2.0,road,road,1,1,60.3,2.50,straight,0,-2.50,2.77,60.68
4.0,,riding,93.3,4.67,0.00,0.000,0.0,0.0,0.0,0.0,0.0,1.0,0.0,0.0,1.9,road,road,1,1,62.9,2.50,straight,0,-2.50,2.75,63.27
4.1,,riding,94.9,4.53,0.00,0.000,0.0,0.0,0.0,0.0,0.0,1.0,0.0,0.0,1.9,road,road,1,1,65.5,2.50,straight,0,-2.50,2.73,65.89
4.2,,riding,96.5,4.39,0.00,0.000,0.0,0.0,0.0,0.0,0.0,1.0,0.0,0.0,1.8,road,road,1,1,68.1,2.50,straight,0,-2.50,2.70,68.56
4.3,,riding,98.0,4.25,0.00,0.000,0.0,0.0,0.0,0.0,0.0,1.0,0.0,0.0,1.7,road,road,1,1,70.8,2.50,straight,0,-2.50,2.67,71.28
4.4,,riding,99.5,4.11,0.00,0.000,0.0,0.0,0.0,0.0,0.0,1.0,0.0,0.0,1.7,road,road,1,1,73.6,2.50,straight,0,-2.50,2.62,74.03
4.5,,riding,100.9,3.98,0.00,0.000,0.0,0.0,0.0,0.0,0.0,1.0,0.0,0.0,1.6,road,road,1,1,76.4,2.50,straight,0,-2.50,2.57,76.83
4.6,,riding,102.3,3.85,0.00,0.000,0.0,0.0,0.0,0.0,0.0,1.0,0.0,0.0,1.6,road,road,1,1,79.2,2.50,straight,0,-2.50,2.50,79.66
4.7,,riding,103.7,3.72,0.00,0.000,0.0,0.0,0.0,0.0,0.0,1.0,0.0,0.0,1.6,road,road,1,1,82.1,2.50,straight,0,-2.50,2.43,82.53
4.8,,riding,105.0,3.60,0.00,0.000,0.0,0.0,0.0,0.0,0.0,1.0,0.0,0.0,1.5,road,road,1,1,85.0,2.50,straight,0,-2.50,2.35,85.44
4.9,,riding,106.2,3.48,0.00,0.000,0.0,0.0,0.0,0.0,0.0,1.0,0.0,0.0,1.5,road,road,1,1,87.9,2.50,straight,0,-2.50,2.26,88.38
5.0,,riding,107.4,3.36,0.00,0.000,0.0,0.0,0.0,0.0,0.0,1.0,0.0,0.0,1.4,road,road,1,1,90.9,2.50,straight,0,-2.50,2.16,91.36
5.1,,riding,108.6,3.25,0.00,0.000,0.0,0.0,0.0,0.0,0.0,1.0,0.0,0.0,1.4,road,road,1,1,93.9,2.50,straight,0,-2.50,2.05,94.37
5.2,,riding,109.7,3.14,0.00,0.000,0.0,0.0,0.0,0.0,0.0,1.0,0.0,0.0,1.4,road,road,1,1,96.9,2.50,450260,0,-2.50,1.93,97.41
5.3,,riding,110.8,3.03,0.00,0.000,0.0,0.0,0.0,0.0,0.0,1.0,0.0,0.0,1.4,road,road,1,1,100.0,2.50,24403,0,-2.50,1.81,100.48
5.4,,riding,111.9,2.92,0.00,0.000,0.0,0.0,0.0,0.0,0.0,1.0,0.0,0.0,1.3,road,road,1,1,103.1,2.50,8244,0,-2.50,1.67,103.58
5.5,,riding,112.9,2.82,0.00,0.000,0.0,0.0,0.0,0.0,0.0,1.0,0.0,0.0,1.3,road,road,1,1,106.2,2.50,4263,0,-2.50,1.52,106.70
5.6,,riding,113.9,2.72,-0.00,-0.000,0.0,0.0,0.0,0.0,0.0,1.0,0.0,0.0,1.3,road,road,1,1,109.3,2.50,2687,0,-2.50,1.37,109.86
5.7,,riding,114.8,2.63,-0.00,-0.000,0.0,0.0,0.0,0.0,0.0,1.0,0.0,0.0,1.3,road,road,1,1,112.5,2.49,1655,0,-2.50,1.21,113.04
5.8,,riding,115.7,2.56,0.00,0.000,0.0,0.0,0.0,0.0,0.0,1.0,0.0,0.0,1.2,road,road,1,1,115.7,2.48,1658,0,-2.50,1.03,116.24
5.9,,riding,116.6,2.50,0.00,0.000,0.0,0.0,0.0,-0.0,0.0,1.0,0.0,0.0,1.2,road,road,1,1,119.0,2.46,1901,0,-2.50,0.83,119.47
6.0,,riding,117.5,2.40,9.67,0.296,0.8,0.0,0.0,-13.8,0.3,1.0,-1.0,-1.2,1.2,road,road,1,1,122.2,2.42,2618,0,-2.49,0.61,122.73
6.1,,riding,118.3,2.28,3.89,0.118,2.2,0.0,0.0,-26.8,0.8,1.0,0.0,0.0,1.2,road,road,1,1,125.5,2.33,5507,0,-2.43,0.38,126.00
6.2,,riding,119.1,2.24,0.77,0.023,2.5,0.0,0.0,-18.1,0.4,1.0,0.0,0.0,1.2,road,road,1,1,128.8,2.19,31010,0,-2.32,0.13,129.29
6.3,,riding,119.9,2.20,0.18,0.005,2.6,0.0,0.0,-7.8,0.2,1.0,0.0,0.0,1.2,road,road,1,1,132.1,2.02,4063,0,-2.19,-0.13,132.61
6.4,,riding,120.7,2.13,0.07,0.002,2.6,0.0,0.0,-3.5,0.1,1.0,0.0,0.0,1.1,road,road,1,1,135.4,1.84,2172,0,-2.05,-0.39,135.94
6.5,,riding,121.4,2.05,0.05,0.002,2.6,0.0,0.0,-1.8,0.0,1.0,0.0,0.0,1.1,road,road,1,1,138.8,1.66,1481,0,-1.90,-0.66,139.30
6.6,,riding,122.1,1.97,0.05,0.002,2.6,0.0,0.0,-0.8,0.0,1.0,0.0,0.0,1.1,road,road,1,1,142.2,1.49,1122,0,-1.74,-0.94,142.68
6.7,,riding,122.8,1.89,0.05,0.002,2.6,0.0,0.0,-0.6,0.0,1.0,0.0,0.0,1.1,road,road,1,1,145.6,1.32,753,0,-1.59,-1.22,146.07
6.8,,riding,123.5,1.80,0.05,0.001,2.6,0.0,0.0,-0.4,0.0,1.0,0.0,0.0,1.1,road,road,1,1,149.0,1.17,646,0,-1.43,-1.50,149.48
6.9,,riding,124.1,1.71,0.04,0.001,2.6,0.0,0.0,-0.3,0.0,1.0,0.0,0.0,1.1,road,road,1,1,152.4,1.03,591,0,-1.28,-1.79,152.91
7.0,,riding,124.7,1.63,0.04,0.001,2.6,0.0,0.0,-0.3,0.0,1.0,0.0,0.0,1.1,road,road,1,1,155.9,0.91,606,0,-1.12,-2.07,156.35
7.1,,riding,125.2,1.53,0.03,0.001,2.7,0.0,0.0,-0.2,0.0,1.0,0.0,0.0,1.1,road,road,1,1,159.3,0.82,696,0,-0.96,-2.35,159.82
7.2,,riding,125.7,1.44,0.02,0.001,2.7,0.0,0.0,-0.2,0.0,1.0,0.0,0.0,1.1,road,road,1,1,162.8,0.75,940,0,-0.80,-2.63,163.29
7.3,,riding,126.2,1.35,0.01,0.000,2.7,0.0,0.0,-0.1,0.0,1.0,0.0,0.0,1.0,road,road,1,1,166.3,0.70,1820,0,-0.64,-2.89,166.78
7.4,,riding,126.7,1.29,0.01,0.000,2.7,0.0,0.0,-0.1,0.0,1.0,0.0,0.0,1.0,road,road,1,1,169.8,0.65,6414,0,-0.47,-3.15,170.29
7.5,,riding,127.1,1.25,0.02,0.000,2.7,0.0,0.0,-0.1,0.0,1.0,0.0,0.0,1.0,road,road,1,1,173.4,0.58,7843,0,-0.31,-3.42,173.80
7.6,,riding,127.6,1.20,0.02,0.001,2.7,0.0,0.0,-0.1,0.0,1.0,0.0,0.0,1.0,road,road,1,1,176.9,0.50,7369,0,-0.15,-3.70,177.33
7.7,,riding,128.0,1.15,0.02,0.001,2.7,0.0,0.0,-0.1,0.0,1.0,0.0,0.0,1.0,road,road,1,1,180.5,0.42,1613,0,0.02,-3.98,180.87
7.8,,riding,128.4,1.10,0.02,0.001,2.7,0.0,0.0,-0.1,0.0,1.0,0.0,0.0,1.0,road,road,1,1,184.0,0.34,812,0,0.18,-4.27,184.42
7.9,,riding,128.5,0.34,0.02,0.001,2.7,0.0,0.0,-0.1,0.0,0.0,0.0,0.0,1.0,road,road,1,1,187.6,0.29,404,0,0.35,-4.57,187.98
8.0,,riding,127.3,-3.22,11.52,0.326,4.0,0.0,0.0,-19.3,0.6,0.0,-1.0,-1.0,1.0,road,road,1,1,191.1,0.25,322,0,0.54,-4.85,191.51
8.1,,riding,126.1,-3.36,13.68,0.390,6.2,0.0,0.0,-37.9,1.3,0.0,-1.0,-1.0,1.0,road,road,1,1,194.7,0.18,266,0,0.79,-5.13,195.00
8.2,,riding,124.9,-3.43,4.58,0.132,7.8,0.0,0.0,-39.7,1.2,0.0,0.0,0.0,1.1,road,road,1,1,198.1,0.05,227,0,1.15,-5.41,198.45
8.3,,riding,123.7,-3.32,8.94,0.260,8.6,0.0,0.0,-31.0,0.8,0.0,-1.0,-1.1,1.1,road,road,1,1,201.6,-0.10,197,0,1.59,-5.67,201.86
8.4,,riding,122.5,-3.38,13.22,0.389,10.7,0.0,0.0,-40.1,1.2,0.0,-1.0,-1.1,1.1,road,road,1,1,205.0,-0.28,173,0,2.10,-5.93,205.22
8.5,,riding,121.2,-3.53,14.03,0.417,13.0,0.0,0.0,-44.8,1.6,0.0,-1.0,-1.1,1.1,road,road,1,1,208.4,-0.49,146,0,2.72,-6.17,208.53
8.6,,riding,120.0,-3.48,3.56,0.107,14.4,0.0,0.0,-42.5,1.2,0.0,0.0,0.0,1.2,road,road,1,1,211.8,-0.74,141,0,3.45,-6.40,211.79
8.7,,riding,118.8,-3.30,4.19,0.127,14.8,0.0,0.0,-24.2,0.5,0.0,-1.0,-1.2,1.2,road,road,1,1,215.1,-0.98,140,0,4.23,-6.62,215.00
8.8,,riding,119.2,1.20,1.71,0.052,15.4,0.0,0.0,-22.4,0.5,1.0,0.0,0.0,1.2,road,road,1,1,218.4,-1.19,146,0,5.07,-6.83,218.19
8.9,,riding,119.9,1.97,10.02,0.301,16.4,0.0,0.0,-25.8,0.6,1.0,-1.0,-1.2,1.2,road,road,1,1,221.8,-1.34,157,0,5.95,-7.03,221.39
9.0,,riding,120.6,1.74,13.62,0.407,18.6,0.0,0.0,-37.5,1.2,1.0,-1.0,-1.1,1.1,road,road,1,1,225.2,-1.50,168,0,6.91,-7.21,224.59
9.1,,riding,121.1,1.46,14.30,0.425,21.0,0.0,0.0,-43.7,1.6,1.0,-1.0,-1.1,1.1,road,road,1,1,228.5,-1.71,179,0,7.97,-7.39,227.78
9.2,,riding,121.6,1.42,3.62,0.107,22.4,0.0,0.0,-41.3,1.2,1.0,0.0,0.0,1.1,road,road,1,1,231.9,-1.98,186,0,9.16,-7.56,230.93
9.3,,riding,122.1,1.54,0.73,0.021,22.7,0.0,0.0,-23.3,0.5,1.0,0.0,0.0,1.1,road,road,1,1,235.3,-2.27,189,0,10.41,-7.73,234.08
9.4,,riding,122.7,1.53,0.17,0.005,22.7,0.0,0.0,-9.6,0.2,1.0,0.0,0.0,1.1,road,road,1,1,238.8,-2.55,185,0,11.71,-7.89,237.22
9.5,,riding,123.2,1.46,3.55,0.104,22.9,0.0,0.0,-4.8,0.1,1.0,-1.0,-1.1,1.1,road,road,1,1,242.2,-2.78,183,0,13.03,-8.05,240.38
9.6,,riding,123.7,1.29,12.38,0.360,24.5,0.0,0.0,-24.8,0.8,1.0,-1.0,-1.1,1.1,road,road,1,1,245.7,-2.98,180,0,14.38,-8.20,243.53
9.7,,riding,124.1,1.04,10.56,0.306,26.7,0.0,0.0,-39.8,1.4,1.0,0.0,0.0,1.1,road,road,1,1,249.2,-3.18,177,0,15.82,-8.34,246.66
9.8,,riding,124.4,1.05,2.02,0.058,27.5,0.0,0.0,-32.4,0.9,1.0,0.0,0.0,1.1,road,road,1,1,252.7,-3.41,174,0,17.34,-8.47,249.76
9.9,,riding,124.8,1.09,0.40,0.012,27.6,0.0,0.0,-16.9,0.3,1.0,0.0,0.0,1.1,road,road,1,1,256.3,-3.64,171,0,18.92,-8.59,252.84
10.0,,riding,125.2,1.06,0.09,0.003,27.7,0.0,0.0,-6.7,0.1,1.0,0.0,0.0,1.1,road,road,1,1,259.8,-3.82,164,0,20.52,-8.71,255.93
10.1,,riding,125.6,0.95,10.84,0.311,28.7,0.0,0.0,-19.3,0.5,1.0,-1.0,-1.1,1.1,road,road,1,1,263.4,-3.95,160,0,22.15,-8.82,259.01
10.2,,riding,125.8,0.78,7.61,0.218,30.6,0.0,0.0,-36.2,1.1,1.0,0.0,0.0,1.1,road,road,1,1,267.0,-4.06,157,0,23.84,-8.92,262.07
10.3,,riding,126.1,0.75,1.45,0.041,31.2,0.0,0.0,-27.4,0.7,1.0,0.0,0.0,1.0,road,road,1,1,270.6,-4.16,155,0,25.60,-9.01,265.10
10.4,,riding,126.4,0.77,0.28,0.008,31.3,0.0,0.0,-13.7,0.3,1.0,0.0,0.0,1.0,road,road,1,1,274.2,-4.23,153,0,27.39,-9.09,268.11
10.5,,riding,126.6,0.67,10.87,0.309,32.3,0.0,0.0,-20.4,0.6,1.0,-1.0,-1.0,1.0,road,road,1,1,277.8,-4.25,156,0,29.23,-9.16,271.11
10.6,,riding,126.8,0.49,7.60,0.216,34.2,0.0,0.0,-37.7,1.2,1.0,0.0,0.0,1.0,road,road,1,1,281.4,-4.25,159,0,31.12,-9.22,274.08
10.7,,riding,127.0,0.48,1.44,0.041,34.8,0.0,0.0,-28.5,0.7,1.0,0.0,0.0,1.0,road,road,1,1,285.1,-4.24,164,0,33.08,-9.26,277.02
10.8,,riding,127.2,0.49,6.41,0.181,35.1,0.0,0.0,-14.2,0.3,1.0,-1.0,-1.0,1.0,road,road,1,1,288.7,-4.20,169,0,35.08,-9.28,279.93
10.9,,riding,127.3,0.36,12.89,0.365,36.9,0.0,0.0,-32.4,1.0,1.0,-1.0,-1.0,1.0,road,road,1,1,292.3,-4.14,174,0,37.13,-9.30,282.81
11.0,,riding,127.4,0.32,2.44,0.069,37.8,0.0,0.0,-31.5,0.8,1.0,0.0,0.0,1.0,road,road,1,1,295.9,-4.09,184,0,39.24,-9.31,285.66
11.1,,riding,127.5,0.36,0.46,0.013,38.0,0.0,0.0,-17.6,0.3,1.0,0.0,0.0,1.0,road,road,1,1,299.5,-4.02,189,0,41.39,-9.31,288.47
11.2,,riding,127.7,0.37,0.09,0.002,38.0,0.0,0.0,-7.9,0.1,1.0,0.0,0.0,1.0,road,road,1,1,303.2,-3.91,193,0,43.57,-9.30,291.27
11.3,,riding,127.8,0.35,0.02,0.000,38.0,0.0,0.0,-3.4,0.0,1.0,0.0,0.0,1.0,road,road,1,1,306.8,-3.74,197,0,45.75,-9.29,294.07
11.4,,riding,127.9,0.32,0.00,0.000,38.0,0.0,0.0,-1.4,0.0,1.0,0.0,0.0,1.0,road,road,1,1,310.4,-3.52,203,0,47.94,-9.28,296.87
11.5,,riding,128.0,0.30,0.00,0.000,38.0,0.0,0.0,-0.6,0.0,1.0,0.0,0.0,1.0,road,road,1,1,314.0,-3.23,203,0,50.13,-9.27,299.67
11.6,,riding,128.1,0.29,-0.00,-0.000,38.0,0.0,0.0,-0.2,0.0,1.0,0.0,0.0,1.0,road,road,1,1,317.6,-2.89,198,0,52.33,-9.26,302.48
11.7,,riding,128.2,0.26,8.14,0.228,38.5,0.0,0.0,-4.8,0.2,1.0,-1.0,-1.0,1.0,road,road,1,1,321.2,-2.48,188,0,54.53,-9.25,305.28
11.8,,riding,128.3,0.17,13.21,0.371,40.5,0.0,0.0,-29.6,1.0,1.0,-1.0,-1.0,1.0,road,road,1,1,324.8,-2.05,176,0,56.77,-9.24,308.05
11.9,,riding,128.3,0.07,4.52,0.127,42.0,0.0,0.0,-38.0,1.1,1.0,0.0,0.0,1.0,road,road,1,1,328.4,-1.63,154,0,59.07,-9.24,310.77
12.0,,riding,128.4,0.17,0.85,0.024,42.3,0.0,0.0,-23.2,0.5,1.0,0.0,0.0,1.0,road,road,1,1,331.9,-1.21,150,0,61.44,-9.24,313.44
12.1,,riding,128.4,0.17,10.96,0.307,43.4,0.0,0.0,-24.9,0.7,1.0,-1.0,-1.0,1.0,road,road,1,1,335.5,-0.74,152,0,63.84,-9.24,316.09
12.2,,riding,128.4,0.04,13.74,0.385,45.5,0.0,0.0,-38.6,1.3,1.0,-1.0,-1.0,1.0,road,road,1,1,339.1,-0.26,159,0,66.30,-9.23,318.67
12.3,,riding,128.4,-0.13,14.26,0.400,47.8,0.0,0.0,-44.2,1.5,1.0,-1.0,-1.0,1.0,road,road,1,1,342.6,0.21,171,0,68.84,-9.22,321.18
12.4,,riding,128.3,-0.22,14.35,0.403,50.2,0.0,0.0,-46.4,1.7,1.0,-1.0,-1.0,1.0,road,road,1,1,346.1,0.61,191,0,71.47,-9.21,323.58
12.5,,riding,128.3,-0.15,4.73,0.133,51.8,0.0,0.0,-43.4,1.4,1.0,0.0,0.0,1.0,road,road,1,1,349.7,0.93,245,0,74.19,-9.19,325.89
12.6,,riding,128.3,0.10,0.89,0.025,52.1,0.0,0.0,-24.1,0.6,1.0,0.0,0.0,1.0,road,road,1,1,353.2,1.21,285,0,76.96,-9.18,328.13
12.7,,riding,128.4,0.21,0.17,0.005,52.2,0.0,0.0,-12.6,0.2,1.0,0.0,0.0,1.0,road,road,1,1,356.8,1.49,340,0,79.77,-9.16,330.34
12.8,,riding,128.4,0.22,0.03,0.001,52.2,0.0,0.0,-4.7,0.1,1.0,0.0,0.0,1.0,road,road,1,1,360.3,1.79,420,0,82.58,-9.14,332.53
12.9,,riding,128.5,0.15,11.68,0.327,53.5,0.0,0.0,-23.8,0.7,1.0,-1.0,-1.0,1.0,road,road,1,1,363.8,2.10,547,0,85.41,-9.12,334.70
13.0,,riding,128.5,0.01,13.87,0.389,55.7,0.0,0.0,-36.6,1.3,1.0,-1.0,-1.0,1.0,road,road,1,1,367.4,2.36,1271,0,88.29,-9.11,336.82
13.1,,riding,128.5,0.01,2.62,0.073,56.7,0.0,0.0,-34.8,0.9,1.0,0.0,0.0,1.0,road,road,1,1,371.0,2.53,1977,0,91.23,-9.09,338.86
13.2,,riding,128.6,0.14,0.50,0.014,56.8,0.0,0.0,-18.8,0.4,1.0,0.0,0.0,1.0,road,road,1,1,374.5,2.64,2236,0,94.20,-9.07,340.84
13.3,,riding,128.6,0.19,0.09,0.003,56.9,0.0,0.0,-8.5,0.1,1.0,0.0,0.0,1.0,road,road,1,1,378.1,2.72,1611,0,97.18,-9.06,342.81
13.4,,riding,128.7,0.15,10.82,0.303,57.9,0.0,0.0,-19.6,0.5,1.0,-1.0,-1.0,1.0,road,road,1,1,381.7,2.76,965,0,100.18,-9.04,344.75
13.5,,riding,128.7,0.03,10.22,0.286,59.9,0.0,0.0,-36.4,1.2,1.0,0.0,0.0,1.0,road,road,1,1,385.2,2.76,632,0,103.22,-9.03,346.64
13.6,,riding,128.7,0.07,1.93,0.054,60.6,0.0,0.0,-31.5,0.8,1.0,0.0,0.0,1.0,road,road,1,1,388.8,2.72,455,0,106.30,-9.02,348.46
13.7,,riding,128.8,0.16,0.36,0.010,60.8,0.0,0.0,-14.3,0.3,1.0,0.0,0.0,1.0,road,road,1,1,392.3,2.65,448,0,109.41,-9.01,350.24
13.8,,riding,128.8,0.19,0.07,0.002,60.8,0.0,0.0,-7.2,0.1,1.0,0.0,0.0,1.0,road,road,1,1,395.9,2.59,482,0,112.53,-9.01,352.00
13.9,,riding,128.9,0.19,0.01,0.000,60.8,0.0,0.0,-3.1,0.0,1.0,0.0,0.0,1.0,road,road,1,1,399.4,2.54,563,0,115.65,-9.00,353.75
14.0,,riding,129.0,0.18,0.00,0.000,60.8,0.0,0.0,-1.3,0.0,1.0,0.0,0.0,1.0,road,road,1,1,403.0,2.52,681,0,118.78,-9.00,355.50
14.1,,riding,129.0,0.17,-3.49,-0.097,60.7,0.0,0.0,-0.5,-0.0,1.0,1.0,1.0,1.0,road,road,1,1,406.6,2.50,1168,0,121.91,-8.99,357.25
14.2,,riding,129.1,0.09,-12.33,-0.344,59.1,0.0,0.0,23.5,-0.8,1.0,1.0,1.0,1.0,road,road,1,1,410.2,2.53,1812,0,125.02,-8.99,359.03
14.3,,riding,129.1,0.06,-2.33,-0.065,58.3,0.0,0.0,28.0,-0.7,1.0,0.0,0.0,1.0,road,road,1,1,413.8,2.62,4011,0,128.11,-8.98,360.85
14.4,,riding,129.1,0.10,-0.44,-0.012,58.1,0.0,0.0,14.0,-0.3,1.0,0.0,0.0,1.0,road,road,1,1,417.3,2.76,19520,0,131.17,-8.97,362.72
14.5,,riding,129.2,0.12,-0.08,-0.002,58.1,0.0,0.0,7.1,-0.1,1.0,0.0,0.0,1.0,road,road,1,1,420.9,2.93,2863,0,134.22,-8.95,364.61
14.6,,riding,129.2,0.11,-0.02,-0.000,58.1,0.0,0.0,3.1,-0.0,1.0,0.0,0.0,1.0,road,road,1,1,424.5,3.10,1201,0,137.27,-8.93,366.51
14.7,,riding,129.2,0.09,-0.00,-0.000,58.1,0.0,0.0,1.1,-0.0,1.0,0.0,0.0,1.0,road,road,1,1,428.1,3.27,1058,0,140.32,-8.91,368.41
14.8,,riding,129.3,0.08,-0.00,-0.000,58.1,0.0,0.0,0.5,-0.0,1.0,0.0,0.0,1.0,road,road,1,1,431.7,3.42,1047,0,143.37,-8.89,370.31
14.9,,riding,129.3,0.06,-0.00,-0.000,58.1,0.0,0.0,0.2,-0.0,1.0,0.0,0.0,1.0,road,road,1,1,435.4,3.55,1176,0,146.42,-8.85,372.21
15.0,,riding,129.3,0.04,-0.00,-0.000,58.1,0.0,0.0,0.1,0.0,1.0,0.0,0.0,1.0,road,road,1,1,438.9,3.66,1531,0,149.47,-8.81,374.11
15.1,,riding,129.3,0.03,-0.00,-0.000,58.1,0.0,0.0,0.0,0.0,1.0,0.0,0.0,1.0,road,road,1,1,442.5,3.78,3296,0,152.52,-8.77,376.01
15.2,,riding,129.3,0.02,-0.00,-0.000,58.1,0.0,0.0,0.0,0.0,1.0,0.0,0.0,1.0,road,road,1,1,446.1,3.89,5416,0,155.57,-8.72,377.91
15.3,,riding,129.3,0.01,-0.00,-0.000,58.1,0.0,0.0,0.0,0.0,1.0,0.0,0.0,1.0,road,road,1,1,449.7,4.00,8326,0,158.62,-8.67,379.81
15.4,,riding,129.3,-0.00,-0.00,-0.000,58.1,0.0,0.0,0.0,0.0,1.0,0.0,0.0,1.0,road,road,1,1,453.3,4.11,9451,0,161.67,-8.62,381.71
15.5,,riding,129.3,-0.01,-0.00,-0.000,58.1,0.0,0.0,0.0,0.0,1.0,0.0,0.0,1.0,road,road,1,1,456.9,4.22,10258,0,164.72,-8.56,383.62
15.6,,riding,129.3,-0.01,-0.00,-0.000,58.1,0.0,0.0,0.0,0.0,1.0,0.0,0.0,1.0,road,road,1,1,460.5,4.33,11532,0,167.77,-8.51,385.52
15.7,,riding,129.3,-0.02,-0.00,-0.000,58.1,0.0,0.0,0.0,0.0,1.0,0.0,0.0,1.0,road,road,1,1,464.1,4.43,11933,0,170.82,-8.45,387.42
15.8,,riding,129.3,-0.02,-0.00,-0.000,58.1,0.0,0.0,0.0,0.0,1.0,0.0,0.0,1.0,road,road,1,1,467.7,4.54,12123,0,173.87,-8.39,389.32
15.9,,riding,129.3,-0.03,-0.00,-0.000,58.1,0.0,0.0,0.0,0.0,1.0,0.0,0.0,1.0,road,road,1,1,471.3,4.64,12049,0,176.92,-8.33,391.22
16.0,,riding,129.3,-0.07,10.80,0.301,59.1,0.0,0.0,-13.1,0.5,1.0,-1.0,-1.0,1.0,road,road,1,1,474.9,4.73,11650,0,179.97,-8.26,393.11
16.1,,riding,129.2,-0.19,13.70,0.382,61.2,0.0,0.0,-33.7,1.2,1.0,-1.0,-1.0,1.0,road,road,1,1,478.5,4.77,7580,0,183.06,-8.20,394.94
16.2,,riding,129.1,-0.20,2.59,0.072,62.1,0.0,0.0,-33.6,0.9,1.0,0.0,0.0,1.0,road,road,1,1,482.1,4.71,4236,0,186.19,-8.13,396.69
16.3,,riding,129.1,-0.09,3.98,0.111,62.4,0.0,0.0,-16.3,0.4,1.0,-1.0,-1.0,1.0,road,road,1,1,485.7,4.59,2291,0,189.35,-8.06,398.39
16.4,,riding,129.0,-0.15,12.42,0.347,64.0,0.0,0.0,-31.0,0.9,1.0,-1.0,-1.0,1.0,road,road,1,1,489.3,4.41,1356,0,192.54,-7.98,400.04
16.5,,riding,129.0,-0.21,4.37,0.122,65.5,0.0,0.0,-39.3,1.0,1.0,0.0,0.0,1.0,road,road,1,1,492.8,4.15,1134,0,195.76,-7.90,401.62
16.6,,riding,128.9,-0.15,4.33,0.121,65.9,0.0,0.0,-24.0,0.5,1.0,-1.0,-1.0,1.0,road,road,1,1,496.4,3.80,2290,0,199.00,-7.82,403.13
16.7,,riding,128.8,-0.27,12.50,0.349,67.5,0.0,0.0,-34.8,0.9,1.0,-1.0,-1.0,1.0,road,road,1,1,500.0,3.37,19868,0,202.27,-7.71,404.58
16.8,,riding,128.6,-0.42,3.28,0.092,68.7,0.0,0.0,-35.9,0.9,1.0,0.0,0.0,1.0,road,road,1,1,503.6,2.82,1300,0,205.57,-7.57,405.96
16.9,,riding,128.5,-0.45,10.30,0.289,69.7,0.0,0.0,-31.5,0.7,1.0,-1.0,-1.0,1.0,road,road,1,1,507.0,2.24,561,0,208.89,-7.37,407.27
17.0,,riding,128.3,-0.42,13.64,0.383,71.8,0.0,0.0,-40.3,1.2,1.0,-1.0,-1.0,1.0,road,road,1,1,510.6,1.65,342,0,212.23,-7.15,408.50
17.1,,riding,128.1,-0.56,14.28,0.401,74.1,0.0,0.0,-44.9,1.5,1.0,-1.0,-1.0,1.0,road,road,1,1,514.1,0.92,194,0,215.61,-6.95,409.61
17.2,,riding,127.9,-0.64,14.40,0.405,76.4,0.0,0.0,-46.7,1.6,1.0,-1.0,-1.0,1.0,road,road,1,1,517.5,0.09,93,0,219.02,-6.77,410.60
17.3,,riding,127.7,-0.61,6.31,0.178,78.3,0.0,0.0,-45.6,1.5,1.0,0.0,0.0,1.0,road,road,1,1,521.0,-0.77,75,0,222.46,-6.60,411.46
17.4,,riding,127.0,-1.83,1.25,0.035,78.8,0.0,0.0,-30.2,0.7,0.0,0.0,0.0,1.0,road,road,1,1,524.5,-1.52,66,0,225.92,-6.41,412.21
17.5,,riding,125.3,-4.68,10.91,0.313,79.9,0.0,0.0,-28.5,0.7,0.0,-1.0,-1.1,1.1,road,road,1,1,528.2,-2.06,63,0,229.34,-6.20,412.90
17.6,,riding,123.6,-4.80,13.57,0.395,82.1,0.0,0.0,-40.1,1.3,0.0,-1.0,-1.1,1.1,road,road,1,1,531.7,-2.48,62,0,232.73,-5.96,413.49
17.7,,riding,121.8,-4.97,14.04,0.415,84.5,0.0,0.0,-44.8,1.6,0.0,-1.0,-1.1,1.1,road,road,1,1,535.2,-2.84,62,0,236.08,-5.71,413.96
17.8,,riding,120.0,-5.05,14.10,0.423,86.9,0.0,0.0,-46.7,1.7,0.0,-1.0,-1.1,1.1,road,road,1,1,538.7,-3.15,61,0,239.40,-5.45,414.30
17.9,,riding,118.2,-4.91,3.76,0.115,88.4,0.0,0.0,-42.2,1.3,0.0,0.0,0.0,1.2,road,road,1,1,542.1,-3.40,59,0,242.69,-5.19,414.51
18.0,,riding,116.5,-4.81,11.32,0.350,89.8,0.0,0.0,-37.7,1.1,0.0,-1.0,-1.2,1.2,road,road,1,1,545.8,-3.54,59,0,245.93,-4.94,414.62
18.1,,riding,114.8,-4.82,13.96,0.438,92.1,0.0,0.0,-43.2,1.5,0.0,-1.0,-1.3,1.3,road,road,1,1,549.2,-3.57,58,0,249.12,-4.70,414.63
18.2,,riding,113.0,-4.90,15.28,0.487,94.8,0.0,0.0,-46.0,1.8,0.0,-1.0,-1.3,1.3,road,road,1,1,552.5,-3.53,59,0,252.26,-4.48,414.52
18.3,,riding,111.2,-5.00,14.69,0.476,97.5,0.0,0.0,-47.2,1.9,0.0,-1.0,-1.3,1.3,road,road,1,1,555.8,-3.46,60,0,255.35,-4.25,414.28
18.4,,riding,109.5,-4.83,2.72,0.089,98.7,0.0,0.0,-38.9,1.3,0.0,0.0,0.0,1.4,road,road,1,1,559.0,-3.34,61,0,258.37,-4.03,413.93
18.5,,riding,107.7,-4.78,11.89,0.397,100.5,0.0,0.0,-39.1,1.2,0.0,-1.0,-1.4,1.4,road,road,1,1,562.2,-3.16,64,0,261.34,-3.79,413.48
18.6,,riding,106.0,-4.81,13.58,0.461,103.1,0.0,0.0,-44.3,1.6,0.0,-1.0,-1.5,1.5,road,road,1,1,565.3,-2.93,66,0,264.24,-3.55,412.94
18.7,,riding,104.2,-4.92,13.93,0.481,105.8,0.0,0.0,-46.5,1.8,0.0,-1.0,-1.5,1.5,road,road,1,1,568.3,-2.70,67,0,267.07,-3.32,412.29
18.8,,riding,102.5,-4.97,14.29,0.502,108.7,0.0,0.0,-47.4,2.0,0.0,-1.0,-1.6,1.6,road,road,1,1,571.3,-2.48,66,0,269.81,-3.09,411.52
18.9,,riding,100.7,-4.89,6.63,0.237,111.1,0.0,0.0,-46.9,1.9,0.0,0.0,0.0,1.6,road,road,1,1,574.2,-2.28,65,0,272.47,-2.86,410.64
19.0,,riding,99.0,-4.62,1.17,0.043,111.7,0.0,0.0,-30.1,0.9,0.0,0.0,0.0,1.7,road,road,1,1,577.1,-2.06,65,0,275.06,-2.63,409.69
19.1,,riding,97.4,-4.60,11.56,0.427,113.6,0.0,0.0,-33.7,1.0,0.0,-1.0,-1.7,1.7,road,road,1,1,579.9,-1.81,63,0,277.57,-2.41,408.68
19.2,,riding,95.7,-4.68,13.49,0.508,116.4,0.0,0.0,-42.2,1.6,0.0,-1.0,-1.8,1.8,road,road,1,1,582.6,-1.53,61,0,280.01,-2.19,407.61
19.3,,riding,93.9,-4.85,13.85,0.531,119.4,0.0,0.0,-45.6,1.9,0.0,-1.0,-1.9,1.9,road,road,1,1,585.3,-1.25,57,0,282.35,-1.97,406.45
19.4,,riding,94.7,1.98,2.57,0.098,120.7,0.0,0.0,-37.6,1.3,1.0,0.0,0.0,1.9,road,road,1,1,588.0,-0.98,54,0,284.64,-1.76,405.19
19.5,,riding,95.9,3.37,6.54,0.245,121.3,0.0,0.0,-22.1,0.6,1.0,-1.0,-1.8,1.8,road,road,1,1,590.6,-0.65,51,0,286.93,-1.54,403.86
19.6,,riding,97.0,3.17,12.86,0.477,123.7,0.0,0.0,-35.7,1.2,1.0,-1.0,-1.8,1.8,road,road,1,1,593.3,-0.24,49,0,289.21,-1.32,402.45
19.7,,riding,98.0,2.84,14.50,0.533,126.7,0.0,0.0,-43.0,1.7,1.0,-1.0,-1.7,1.7,road,road,1,1,596.0,0.23,50,0,291.46,-1.10,400.94
19.8,,riding,98.7,1.82,17.58,0.641,130.2,0.0,0.0,-46.2,2.5,1.0,-1.0,-1.7,1.7,road,road,1,1,598.6,0.76,55,0,293.66,-0.89,399.32
19.9,,riding,98.8,0.42,21.00,0.765,134.9,0.0,0.0,-47.2,3.6,1.0,-1.0,-1.7,1.7,road,road,1,1,601.3,1.33,66,0,295.77,-0.68,397.57
20.0,,riding,98.7,-0.45,32.65,1.191,141.1,0.0,0.0,-47.7,5.6,1.0,-1.0,-1.7,1.7,road,road,1,1,603.9,1.86,66,0,297.75,-0.49,395.68
20.1,,riding,97.7,-2.58,58.91,2.170,150.9,0.0,0.0,-47.9,10.0,1.0,-1.0,-1.7,1.7,road,road,1,1,606.5,2.26,83,0,299.55,-0.29,393.64
20.2,,riding,95.1,-7.26,91.40,3.459,167.9,0.0,0.0,-47.9,20.7,1.0,-1.0,-1.8,1.8,road,road,1,1,609.1,2.44,112,0,301.09,-0.11,391.48
20.3,,riding,89.9,-14.50,103.61,4.149,-169.2,0.0,0.0,-48.0,37.2,1.0,-1.0,-2.0,2.0,road,road,1,1,611.7,2.36,154,0,302.32,0.07,389.26
20.4,,riding,81.9,-22.18,91.22,4.008,-145.1,0.0,0.0,-48.0,55.7,1.0,0.0,0.0,2.4,road,road,1,1,614.1,2.03,194,0,303.23,0.23,387.12
20.5,,riding,71.6,-28.72,66.45,3.342,-123.8,0.0,0.0,-48.0,72.7,1.0,0.0,0.0,3.1,road,road,1,1,616.1,1.58,194,0,303.87,0.37,385.16
20.6,,riding,60.8,-30.01,38.94,2.307,-107.7,0.0,0.0,-48.0,86.5,1.0,0.0,0.0,4.2,road,road,1,1,617.8,1.10,240,0,304.33,0.49,383.46
20.7,,riding,-49.0,-304.83,-17.30,1.272,-98.0,0.0,0.0,-13.2,95.6,1.0,0.0,0.0,5.7,road,road,1,1,619.3,0.69,292,0,304.67,0.58,382.06
20.8,,riding,-37.5,31.86,-3.55,0.341,-93.8,0.0,0.0,18.6,101.0,0.0,0.0,0.0,7.3,road,road,1,1,620.4,0.37,292,0,304.94,0.65,380.98
20.9,,riding,-26.1,31.61,3.14,-0.433,-94.6,0.0,0.0,6.3,104.5,0.0,0.0,0.0,10.2,road,road,1,1,621.2,0.18,292,0,305.18,0.70,380.21
21.0,,riding,-14.7,31.62,3.74,-0.914,-98.9,0.0,0.0,-9.9,109.4,0.0,0.0,0.0,16.9,road,road,1,1,621.8,0.12,292,0,305.37,0.74,379.76
21.1,,riding,-5.9,24.63,0.46,-0.281,-102.2,0.0,0.0,-9.9,127.7,0.0,0.0,0.0,32.0,road,road,1,1,622.0,0.14,292,0,305.50,0.75,379.59
21.2,,riding,-3.3,6.98,0.05,-0.056,-102.9,0.0,0.0,-4.4,159.4,0.0,0.0,0.0,32.0,road,road,1,1,622.1,0.20,292,0,305.60,0.76,379.55
21.3,,riding,-3.0,1.05,0.01,-0.013,-103.1,0.0,0.0,-1.8,175.7,0.0,0.0,0.0,32.0,road,road,1,1,622.1,0.28,351,0,305.68,0.76,379.56
21.4,,riding,-2.9,0.26,0.00,-0.005,-103.1,0.0,0.0,-0.7,-178.7,0.0,0.0,0.0,32.0,road,road,1,1,622.2,0.35,351,0,305.76,0.76,379.57
21.5,,riding,-2.8,0.20,0.00,-0.004,-103.2,0.0,0.0,-0.3,-176.8,0.0,0.0,0.0,32.0,road,road,1,1,622.2,0.43,351,0,305.83,0.76,379.59
21.6,,riding,-2.7,0.21,0.00,-0.003,-103.2,0.0,0.0,-0.1,-176.1,0.0,0.0,0.0,32.0,road,road,1,1,622.2,0.50,351,0,305.91,0.76,379.62
21.7,,riding,-2.7,0.21,0.00,-0.003,-103.2,0.0,0.0,-0.0,-175.8,0.0,0.0,0.0,32.0,road,road,1,1,622.2,0.58,351,0,305.98,0.76,379.64
21.8,,riding,-2.6,0.21,0.00,-0.003,-103.2,0.0,0.0,-0.0,-175.6,0.0,0.0,0.0,32.0,road,road,1,1,622.2,0.65,351,0,306.04,0.76,379.66
21.9,,riding,-2.5,0.21,0.00,-0.003,-103.2,0.0,0.0,-0.0,-175.5,0.0,0.0,0.0,32.0,road,road,1,1,622.2,0.72,351,0,306.11,0.77,379.68
